sample_id,property_organic_content
test_00001,21.82450852866288
test_00002,12.847221545897597
test_00003,20.24966901495742
test_00004,24.36466849895899
test_00005,30.679874472493648
test_00006,19.116686876996106
test_00007,38.1098328881953
test_00008,20.698570617328787
test_00009,20.993043348128083
test_00010,37.826316790268145
test_00011,33.2986738481651
test_00012,48.96648295175091
test_00013,13.370958793283407
test_00014,12.228471317387822
test_00015,14.289804216708493
test_00016,55.71144065991459
test_00017,24.814953408796068
test_00018,21.830252617171624
test_00019,21.675795928619095
test_00020,52.410263318236076
test_00021,24.118392945099227
test_00022,18.132879612777323
test_00023,16.833203906961398
test_00024,27.12709252216186
test_00025,14.406687048810381
test_00026,32.91493944160266
test_00027,21.225029742913193
test_00028,18.91074000894026
test_00029,20.447821797168636
test_00030,46.03812419158952
test_00031,115.68769496271264
test_00032,18.815129435265938
test_00033,20.315674969081808
test_00034,38.957120497172156
test_00035,78.81129301590335
test_00036,19.920129788926346
test_00037,52.2243766461708
test_00038,40.36090652116566
test_00039,37.68412868252837
test_00040,32.48626572946631
test_00041,30.07059559746095
test_00042,18.42204678773187
test_00043,40.436551913360496
test_00044,17.326925476348045
test_00045,18.472265998377758
test_00046,18.935635789183983
test_00047,48.774610757462355
test_00048,27.481296697164147
test_00049,35.831112228597306
test_00050,16.28179879779388
test_00051,32.94104796608064
test_00052,15.206815768672689
test_00053,61.26385767791386
test_00054,20.803089284880702
test_00055,25.458303431802996
test_00056,28.994116646957014
test_00057,24.5652721387719
test_00058,16.734987223321532
test_00059,44.17374209795345
test_00060,18.03283405801172
test_00061,17.88861413066481
test_00062,12.727314225408426
test_00063,15.719315806661825
test_00064,15.08881532279976
test_00065,65.98005175004147
test_00066,22.409385313217957
test_00067,34.0462501731143
test_00068,35.56147425818439
test_00069,40.468090959751564
test_00070,48.42504320924477
test_00071,49.93656331088452
test_00072,30.130070144284932
test_00073,19.479213762045056
test_00074,19.658346066594085
test_00075,37.413076984277815
test_00076,42.898408509762184
test_00077,22.851986199533357
test_00078,23.744595970895077
test_00079,87.31103266590249
test_00080,20.149924786939604
test_00081,64.19376024372835
test_00082,62.32525089729933
test_00083,28.044496778609844
test_00084,18.101822183025245
test_00085,47.686924704627685
test_00086,60.45408265136501
test_00087,25.107703935203332
test_00088,46.20148599537683
test_00089,20.05427605930955
test_00090,17.79578833836357
test_00091,39.58567417193565
test_00092,14.2082581408233
test_00093,33.15828825022373
test_00094,15.454814248336888
test_00095,38.40670316100194
test_00096,45.39534216099894
test_00097,25.10546091852998
test_00098,32.22936221278688
test_00099,48.035431215653226
test_00100,16.421018049618162
test_00101,24.54822607409768
test_00102,16.944052604336015
test_00103,33.46124853155003
test_00104,45.36494335840988
test_00105,30.776766714311265
test_00106,21.0881912897808
test_00107,32.32948172117236
test_00108,43.60914224787991
test_00109,44.81481556852897
test_00110,29.1847980310167
test_00111,11.25656094713331
test_00112,20.09026173838768
test_00113,22.357369697353082
test_00114,68.02254583227031
test_00115,47.08016460674145
test_00116,15.372924438138488
test_00117,79.21750576812163
test_00118,35.51801345623066
test_00119,23.079632128011472
test_00120,25.320817378034505
test_00121,15.461151662772963
test_00122,51.39670433317497
test_00123,20.26245510841157
test_00124,13.609566519443984
test_00125,12.441384104301978
test_00126,32.37740477235255
test_00127,23.258524980040495
test_00128,24.757894554495323
test_00129,14.982104907890951
test_00130,27.315403541476254
test_00131,47.7027382879444
test_00132,14.351105738312318
test_00133,39.04905289284342
test_00134,19.09642292842421
test_00135,14.539909674703434
test_00136,27.72000000278052
test_00137,23.902043538276477
test_00138,23.828073249934494
test_00139,23.518472750113567
test_00140,27.932279084810762
test_00141,19.264736706182596
test_00142,33.66468959144472
test_00143,29.453235746113446
test_00144,34.54945069375634
test_00145,20.3288145519724
test_00146,28.758839865036734
test_00147,38.07393224496721
test_00148,28.85573665531395
test_00149,24.027855001704147
test_00150,16.352540404332423
test_00151,32.760805477748214
test_00152,36.21805581301543
test_00153,15.452434479954327
test_00154,22.296406165306827
test_00155,27.046892080028265
test_00156,27.49730136064035
test_00157,61.37917737089553
test_00158,16.251781141734874
test_00159,11.813841579222135
test_00160,87.77169476008649
test_00161,30.164009564882363
test_00162,23.85159158706294
test_00163,16.54357293877805
test_00164,24.452288647298417
test_00165,23.270629545079
test_00166,34.01845302643126
test_00167,29.550018773560854
test_00168,37.30692793008549
test_00169,18.59333472504281
test_00170,13.822870363329491
test_00171,37.090935450755225
test_00172,39.73017907067848
test_00173,19.846599780026004
test_00174,18.51281077794224
test_00175,22.079383629296707
test_00176,21.281793217006406
test_00177,21.649410025130855
test_00178,53.27152956769949
test_00179,42.22891887873118
test_00180,52.86411972401396
test_00181,12.098312307373075
test_00182,16.358988941482885
test_00183,24.71925008236343
test_00184,13.188794075142189
test_00185,39.28134721978941
test_00186,24.613403782091158
test_00187,45.51763463157435
test_00188,23.620498647496404
test_00189,32.209183890218455
test_00190,29.15264252101848
test_00191,33.726326013991844
test_00192,24.07516911193596
test_00193,19.092426147625005
test_00194,35.73673260348545
test_00195,19.681163207955155
test_00196,82.02575912441209
test_00197,17.786588789676543
test_00198,28.408570180532134
test_00199,77.96908942335097
test_00200,16.81130365476675
test_00201,37.782745923948816
test_00202,20.325199782365708
test_00203,30.31656705264494
test_00204,85.44639237969889
test_00205,13.603557024916038
test_00206,34.43157667547456
test_00207,40.694973684633396
test_00208,22.1061559215515
test_00209,17.06079937733567
test_00210,22.075124922982916
test_00211,17.11971298863572
test_00212,23.89334882253072
test_00213,78.84214346702784
test_00214,16.439379559401345
test_00215,43.79905687365815
test_00216,56.853049137049
test_00217,36.318414084890435
test_00218,18.703495203128995
test_00219,24.576054254873764
test_00220,23.232305748271884
test_00221,45.72431384322431
test_00222,15.061746114027109
test_00223,127.54414145162816
test_00224,17.653875367675646
test_00225,28.461311683137897
test_00226,31.703723528207142
test_00227,21.644829671936936
test_00228,47.177048714458444
test_00229,29.53478968100037
test_00230,25.98715429535696
test_00231,150.06304859376274
test_00232,28.962683099566437
test_00233,13.627123656075009
test_00234,51.15009574781968
test_00235,31.4682761215999
test_00236,31.819291318786686
test_00237,37.434860639202036
test_00238,16.47055593849872
test_00239,35.5457533728401
test_00240,32.83678297995383
test_00241,43.060255364150585
test_00242,12.873982510096509
test_00243,27.937379361960335
test_00244,15.275397971779794
test_00245,47.82932836555196
test_00246,14.439180350216624
test_00247,26.75154082722152
test_00248,55.85959887358263
test_00249,28.09715331050349
test_00250,16.463534789651064
test_00251,15.253860388103643
test_00252,26.63362099180807
test_00253,24.670280687411022
test_00254,20.59990143336996
test_00255,17.318850306638012
test_00256,20.94595483426311
test_00257,8.574112161725596
test_00258,39.80094273512414
test_00259,16.727772031535704
test_00260,17.85902001968622
test_00261,17.816797192424378
test_00262,18.714398078732202
test_00263,25.23035461797817
test_00264,34.93291611738665
test_00265,32.59971437010343
test_00266,23.239098392198613
test_00267,24.874703270228114
test_00268,27.525690588157786
test_00269,24.368370174664403
test_00270,29.968076806128646
test_00271,25.48409087862484
test_00272,21.49685896231083
test_00273,23.657759289731175
test_00274,27.50199590737441
test_00275,11.746313637308024
test_00276,17.019601896108686
test_00277,40.1824641685196
test_00278,69.44617588455075
test_00279,76.7102269547211
test_00280,33.49652031218493
test_00281,14.022660369508774
test_00282,28.897952704871624
test_00283,13.929022350223168
test_00284,47.39340712771489
test_00285,30.645350845914486
test_00286,11.39128146413166
test_00287,20.913513685686368
test_00288,45.20745002142517
test_00289,20.101526527453032
test_00290,72.9060165749562
test_00291,31.203704368897974
test_00292,35.02882698399776
test_00293,47.31485181988076
test_00294,96.24025316897021
test_00295,20.456149274651096
test_00296,18.370349131805458
test_00297,14.532342284719086
test_00298,31.8756752727744
test_00299,20.969693126845502
test_00300,47.69936494911204
test_00301,32.34865177713185
test_00302,45.42761959091667
test_00303,22.863938954312466
test_00304,19.532478518443586
test_00305,20.798763413354038
test_00306,12.824803287608281
test_00307,20.514217704091813
test_00308,25.306537264888295
test_00309,14.955090896461957
test_00310,29.60740345155816
test_00311,16.86780987641964
test_00312,72.90453528362019
test_00313,49.38466898772515
test_00314,22.602243115446505
test_00315,29.92329750360626
test_00316,24.252519145684946
test_00317,34.27291930242084
test_00318,13.397047928203925
test_00319,20.987076452943278
test_00320,44.475307010315326
test_00321,12.860603127334976
test_00322,34.74102182585196
test_00323,22.196343638229013
test_00324,25.58223609268052
test_00325,23.637922079497244
test_00326,13.616028823203571
test_00327,27.833163400655145
test_00328,49.96060956537168
test_00329,18.180152618484023
test_00330,25.594753537518766
test_00331,23.393880436028432
test_00332,51.51614137126434
test_00333,27.92579292725261
test_00334,34.054557211392876
test_00335,19.87559514747841
test_00336,23.17653099489869
test_00337,24.363932366450026
test_00338,24.130939395180167
test_00339,29.277932379047044
test_00340,45.09074956974838
test_00341,87.45376524102392
test_00342,34.01449096890339
test_00343,31.93274884881125
test_00344,13.584675289951774
test_00345,28.20771406173101
test_00346,54.269353111195045
test_00347,30.826831237789598
test_00348,17.38415381289899
test_00349,11.553366825891088
test_00350,16.98313204146011
test_00351,52.23105317785014
test_00352,58.055338833963305
test_00353,18.255661846382615
test_00354,51.90431667791194
test_00355,71.47446923279925
test_00356,23.835081003721815
test_00357,11.658800561120149
test_00358,15.537551157808526
test_00359,31.271434696691166
test_00360,28.50953906840309
test_00361,15.170325429363292
test_00362,55.915708123483824
test_00363,21.319672064735826
test_00364,57.76647631953597
test_00365,22.26217178604227
test_00366,24.68694160214227
test_00367,26.312849471017515
test_00368,43.30852549382542
test_00369,43.372123577194905
test_00370,18.439833913660447
test_00371,17.93445583023259
test_00372,41.58276997176962
test_00373,38.383801234120554
test_00374,42.160564899303246
test_00375,20.97594251361194
test_00376,44.26043613485781
test_00377,21.612543918634746
test_00378,66.3676792922852
test_00379,30.48098745544926
test_00380,19.730143080575488
test_00381,26.591214196057738
test_00382,26.57867595428682
test_00383,44.43602839772862
test_00384,14.82356391414309
test_00385,26.40752118882066
test_00386,22.33497818608575
test_00387,15.791937464332074
test_00388,45.28401392024902
test_00389,33.537009305922815
test_00390,17.264301452843004
test_00391,30.686669000831486
test_00392,27.438230256493355
test_00393,17.464327539826527
test_00394,17.41898264921017
test_00395,18.848047765042917
test_00396,46.539746040178514
test_00397,23.39255755830688
test_00398,73.1021236038921
test_00399,44.02017529536093
test_00400,74.84308316571982
test_00401,17.40924634671238
test_00402,25.029961781926215
test_00403,15.743112733915353
test_00404,23.314547633864127
test_00405,39.227128047189865
test_00406,45.01667108398735
test_00407,38.35137318839999
test_00408,43.35664492369624
test_00409,20.734261925887797
test_00410,25.95280169910999
test_00411,24.94412168991433
test_00412,33.72592359225567
test_00413,24.34364195308296
test_00414,51.30169164252345
test_00415,13.520875270117674
test_00416,12.173193025425954
test_00417,67.8252614409297
test_00418,34.5258829531858
test_00419,116.86843419031091
test_00420,12.913441936542334
test_00421,36.27826870276945
test_00422,33.91849342824332
test_00423,28.227548692744403
test_00424,19.165946462425158
test_00425,15.255500524005551
test_00426,37.757636749559005
test_00427,30.883672946997606
test_00428,96.70801313712998
test_00429,15.57762101764025
test_00430,20.794256110151252
test_00431,19.11992132060713
test_00432,39.2574957231992
test_00433,29.612837546215307
test_00434,26.398211485291622
test_00435,39.99753608105973
test_00436,31.74113619388978
test_00437,26.86608949179717
test_00438,11.01841966184993
test_00439,47.92657820744244
test_00440,92.95701250946001
test_00441,41.732998351214604
test_00442,35.31025379847359
test_00443,16.76614086095509
test_00444,29.254217881107678
test_00445,16.90125231075793
test_00446,61.22101453560705
test_00447,27.087837588778328
test_00448,56.722665706403845
test_00449,45.426683285823124
test_00450,60.60241911897731
test_00451,19.330220124295302
test_00452,44.57018095576399
test_00453,44.62190705981459
test_00454,16.12502597428055
test_00455,45.24536974961052
test_00456,25.529392651342953
test_00457,35.11517042970389
test_00458,32.106496522627175
test_00459,72.77413488579055
test_00460,12.443771426277028
test_00461,17.418521707942766
test_00462,16.090487734508628
test_00463,45.887215967072756
test_00464,19.79678878335541
test_00465,43.71277071115052
test_00466,28.9571865576253
test_00467,13.491384793270338
test_00468,46.47266500636603
test_00469,25.226150982156515
test_00470,20.994230144521186
test_00471,61.30420435935778
test_00472,27.798220076579653
test_00473,25.03358268352165
test_00474,18.72227334579661
test_00475,8.423842476776134
test_00476,62.023295287690644
test_00477,53.0764895401002
test_00478,29.899428113708304
test_00479,13.036655515249988
test_00480,23.49301824245351
test_00481,27.558872891878934
test_00482,20.931609210974145
test_00483,27.395794110794412
test_00484,13.895833263640398
test_00485,31.754552831927587
test_00486,27.751856137585555
test_00487,26.037094227633233
test_00488,35.00058190648734
test_00489,13.420053621424474
test_00490,39.25560043442901
test_00491,57.79504640411339
test_00492,27.69734403909934
test_00493,74.4691544966497
test_00494,29.81961307622894
test_00495,14.891274902578823
test_00496,13.05329853995213
test_00497,26.481075759608842
test_00498,19.002119763781344
test_00499,61.08756995717515
test_00500,22.026932696046742
test_00501,26.181710873174232
test_00502,18.232029770307832
test_00503,34.895530800602614
test_00504,20.61680805676933
test_00505,38.65852907544863
test_00506,26.940609291508835
test_00507,24.026641131801174
test_00508,24.886216717278813
test_00509,57.14109818889163
test_00510,59.17890631083338
test_00511,29.28587014709033
test_00512,24.563213419140396
test_00513,17.041332706155963
test_00514,28.721761042121617
test_00515,36.0035685000379
test_00516,42.19594096740302
test_00517,35.19011795817968
test_00518,30.04732548776491
test_00519,26.10949496519772
test_00520,14.750922978225002
test_00521,24.426978025062187
test_00522,14.39431702658289
test_00523,18.067259708144935
test_00524,30.58755889085939
test_00525,46.579000125834504
test_00526,32.70365964006196
test_00527,24.407530556310256
test_00528,20.513808088198555
test_00529,76.5067921137967
test_00530,44.244519462114035
test_00531,19.956004544230325
test_00532,19.89439745681747
test_00533,16.429996093469565
test_00534,16.238485043006726
test_00535,49.77617613193787
test_00536,52.32430029250402
test_00537,29.872093856823486
test_00538,22.694015616192562
test_00539,27.24636536698611
test_00540,30.743342717774674
test_00541,40.4518640968777
test_00542,44.685956970735155
test_00543,37.22329412062241
test_00544,18.54786341882271
test_00545,23.272789122907177
test_00546,37.77991459320139
test_00547,76.76562255476759
test_00548,25.589590646219417
test_00549,41.40210788503503
test_00550,15.959427511095491
test_00551,67.12331239226268
test_00552,29.922230852343745
test_00553,18.185557750871425
test_00554,20.095684681123597
test_00555,58.627646174858356
test_00556,14.755414246281063
test_00557,33.75101334135878
test_00558,14.340242848979674
test_00559,104.56917470850355
test_00560,18.70893688104752
test_00561,26.857353232088208
test_00562,35.122823430994806
test_00563,65.53690026390984
test_00564,29.27659977790842
test_00565,19.817052464909313
test_00566,34.60460511596269
test_00567,72.83651801797023
test_00568,54.28332634888712
test_00569,56.29051943374204
test_00570,32.10945913931562
test_00571,58.5245897539984
test_00572,12.304227344820404
test_00573,23.06785138781889
test_00574,16.84642289243035
test_00575,10.149163975519567
test_00576,16.524215199062557
test_00577,71.62562773510739
test_00578,34.16648119473183
test_00579,24.392446448868423
test_00580,22.045635619503713
test_00581,13.973588965408343
test_00582,17.056761491455497
test_00583,18.141085553873907
test_00584,22.690307220327668
test_00585,17.1731407316513
test_00586,19.11599313045038
test_00587,50.22643058953518
test_00588,25.81085196372947
test_00589,13.681925323749464
test_00590,10.457952298897789
test_00591,29.793820467281556
test_00592,17.724626895701185
test_00593,49.192302120214364
test_00594,12.509738920319446
test_00595,6.847612128192093
test_00596,20.170807036394983
test_00597,59.67282862079828
test_00598,13.687681960588474
test_00599,62.168089563175286
test_00600,14.235212060942697
test_00601,54.05932208518283
test_00602,76.63216024694496
test_00603,36.958331734204656
test_00604,20.92762866320618
test_00605,11.782318624938886
test_00606,15.1986176591441
test_00607,22.12263006931101
test_00608,59.64475254077669
test_00609,17.22531843553509
test_00610,52.843261512509734
test_00611,26.881456499036975
test_00612,16.25737351534866
test_00613,25.659577568572878
test_00614,29.488504500439966
test_00615,69.75023131441439
test_00616,51.70477618103283
test_00617,15.85875435280616
test_00618,47.94729851976588
test_00619,22.708463403375735
test_00620,24.898272861633494
test_00621,20.425198860076975
test_00622,12.218584787004612
test_00623,16.123399202813022
test_00624,16.4860894550229
test_00625,28.875045054539672
test_00626,22.367598047767714
test_00627,59.30373007353428
test_00628,19.542518367010633
test_00629,27.431535663149287
test_00630,46.54938534370969
test_00631,35.02468065553494
test_00632,46.819374784901186
test_00633,57.62972919331695
test_00634,14.652902166016023
test_00635,12.85863586980743
test_00636,75.46193236730272
test_00637,18.67013469498208
test_00638,21.26806698405128
test_00639,43.37516860605196
test_00640,48.37646309994515
test_00641,31.82547944732132
test_00642,25.45192139570641
test_00643,13.607814816331961
test_00644,25.24556802351659
test_00645,33.63703903416297
test_00646,20.17135080147075
test_00647,19.483146693973183
test_00648,19.772288406317337
test_00649,17.88199687044065
test_00650,67.0538573934739
test_00651,9.942420250146457
test_00652,29.328232897431015
test_00653,18.06955831960514
test_00654,21.11570516997436
test_00655,31.096373742291462
test_00656,14.581499407965921
test_00657,38.290607313254895
test_00658,16.625453106909184
test_00659,13.436062759032625
test_00660,16.07354566818726
test_00661,26.9982923395916
test_00662,72.43526800405533
test_00663,8.782326471123106
test_00664,43.25706642385755
test_00665,95.58610688917281
test_00666,23.79891605928843
test_00667,27.148491008737373
test_00668,25.855497999246957
test_00669,22.742448344463575
test_00670,16.79399896574632
test_00671,81.99162101647536
test_00672,30.720564316384415
test_00673,57.20817835575759
test_00674,31.54078450201913
test_00675,32.98513288744095
test_00676,20.811006112622458
test_00677,73.35771232987351
test_00678,41.675319323329404
test_00679,21.502285452563584
test_00680,25.383506868916974
test_00681,13.340192159703495
test_00682,18.616347715821753
test_00683,48.71307418232487
test_00684,50.92189862564617
test_00685,53.71805492961845
test_00686,38.96897932004052
test_00687,68.94780107375416
test_00688,15.733685747798091
test_00689,36.39325756448466
test_00690,16.882703617806285
test_00691,25.452173760425637
test_00692,11.029458521861562
test_00693,23.43899025487151
test_00694,37.29154929808015
test_00695,45.07810059872433
test_00696,47.064034733404924
test_00697,12.472132718948371
test_00698,17.466195963169863
test_00699,27.582114796712347
test_00700,20.49774621672745
test_00701,25.740961526831676
test_00702,21.50659439041875
test_00703,15.557998146605932
test_00704,99.26800572239073
test_00705,46.2955513452173
test_00706,45.79186169606906
test_00707,32.066632728754236
test_00708,113.534560135661
test_00709,11.553182688998266
test_00710,38.56521624687807
test_00711,26.024598303362428
test_00712,30.928580801535684
test_00713,36.10494380966802
test_00714,18.047741802607646
test_00715,20.36111082112163
test_00716,47.91799847504378
test_00717,82.71601944315982
test_00718,43.06841240808017
test_00719,32.82696127937655
test_00720,51.59729423348712
test_00721,13.614766975182194
test_00722,74.19123593168804
test_00723,85.32168126667787
test_00724,35.026272036853044
test_00725,25.715884363042964
test_00726,67.81148780206304
test_00727,27.539462532982583
test_00728,29.838580041899355
test_00729,8.563418900044704
test_00730,36.47753737348752
test_00731,20.838480666732114
test_00732,24.19971034496848
test_00733,35.6845657453343
test_00734,15.756482019762913
test_00735,55.48215593496067
test_00736,30.707518321876123
test_00737,54.647777186571645
test_00738,30.400876831218028
test_00739,19.70905164381454
test_00740,15.238819465656881
test_00741,25.45257979863158
test_00742,38.287299446624736
test_00743,15.88347117180162
test_00744,53.60141920987075
test_00745,107.3494237255687
test_00746,23.434778238258737
test_00747,24.348416161472194
test_00748,12.717280845349304
test_00749,30.440254639164944
test_00750,44.80144413681813
test_00751,39.82285823907948
test_00752,30.17768378717097
test_00753,30.64771072415838
test_00754,72.8078420733329
test_00755,28.73357963295362
test_00756,12.504693141138734
test_00757,56.467380914120625
test_00758,67.03439660003468
test_00759,24.615344882879473
test_00760,71.2419736339283
test_00761,29.769415163673727
test_00762,40.373694093514914
test_00763,13.754308150436781
test_00764,33.488502935948915
test_00765,13.485585819446364
test_00766,29.472618728087852
test_00767,68.5787936301789
test_00768,15.832666224573334
test_00769,42.900188691807244
test_00770,16.63713301655983
test_00771,33.26274616689906
test_00772,92.16525186839341
test_00773,60.773493884261825
test_00774,18.91175523412413
test_00775,73.65466818070448
test_00776,36.48037941332128
test_00777,25.35138407451559
test_00778,28.712843817183998
test_00779,20.314992219722235
test_00780,11.852588556727321
test_00781,54.154051678805786
test_00782,55.31860490094758
test_00783,33.15499756146711
test_00784,24.918043572503432
test_00785,18.276477156187884
test_00786,20.562228759788663
test_00787,27.72097614603397
test_00788,28.37877250060958
test_00789,22.268263215033247
test_00790,102.4183593577298
test_00791,25.508955826330727
test_00792,14.10942911524888
test_00793,27.889345967593613
test_00794,24.186922372372944
test_00795,60.98433732647291
test_00796,39.68546565037484
test_00797,41.57582971706829
test_00798,39.662094841869745
test_00799,29.861824270112354
test_00800,28.23228537427213
test_00801,14.90743025668132
test_00802,38.6757491107084
test_00803,52.691945863396796
test_00804,19.62019797942473
test_00805,69.09909385689885
test_00806,31.14260004895252
test_00807,26.337485362793057
test_00808,34.5468847481753
test_00809,34.09044221741887
test_00810,15.664574600776255
test_00811,10.614835080535178
test_00812,23.3745673899637
test_00813,15.925830916346767
test_00814,13.444252388256736
test_00815,29.01087290633877
test_00816,23.753519829582295
test_00817,106.65131621960538
test_00818,26.94359326387319
test_00819,28.515085201367587
test_00820,22.91666637961784
test_00821,49.26124644255117
test_00822,30.964198969085743
test_00823,20.326709320514134
test_00824,84.71441854752402
test_00825,21.68303039210658
test_00826,21.128700599481867
test_00827,24.363731409911637
test_00828,77.5520497450627
test_00829,21.88437556189247
test_00830,56.09845763081204
test_00831,22.91314822639493
test_00832,40.1263239706997
test_00833,28.50707163194885
test_00834,19.619991616004672
test_00835,15.259372125670415
test_00836,11.269053804845484
test_00837,13.278605356482664
test_00838,13.125927221949143
test_00839,68.8148213510893
test_00840,41.50021245554112
test_00841,23.42677578116771
test_00842,32.63827602680553
test_00843,25.654204360683842
test_00844,26.34806160017006
test_00845,28.481876704709038
test_00846,50.21592724429292
test_00847,102.9882249724841
test_00848,25.54079069201736
test_00849,21.675374764121006
test_00850,11.389094722821136
test_00851,27.929132837383754
test_00852,13.981112439357506
test_00853,25.560538086652638
test_00854,15.015571649055996
test_00855,21.43395952266307
test_00856,15.741468922913498
test_00857,65.48867683060307
test_00858,25.78685804590704
test_00859,35.13997675858466
test_00860,15.850366883862804
test_00861,35.10795470226195
test_00862,43.867094149665945
test_00863,55.644005083673804
test_00864,21.147025582657136
test_00865,61.357756237433115
test_00866,21.398735420282712
test_00867,35.9411276106934
test_00868,21.835464945720602
test_00869,23.903963960183937
test_00870,37.658631853401005
test_00871,19.150499547726046
test_00872,27.9633819666538
test_00873,38.14800914375979
test_00874,36.84325621775267
test_00875,43.99486292192471
test_00876,24.914585661129824
test_00877,32.777948914424385
test_00878,15.073878826654653
test_00879,40.68144329436928
test_00880,31.80820494661391
test_00881,38.972857617868506
test_00882,29.833945741275983
test_00883,51.91188835140525
test_00884,17.55986078135131
test_00885,19.965322242419465
test_00886,66.5050433838654
test_00887,14.757947145614011
test_00888,64.76043950044115
test_00889,24.21468954967137
test_00890,48.303106936270964
test_00891,33.888526043760045
test_00892,45.69359992295175
test_00893,17.22054045287571
test_00894,28.151456560735014
test_00895,16.37649726887972
test_00896,40.93353646318826
test_00897,22.934592770076964
test_00898,52.90965356052926
test_00899,20.894881896510817
test_00900,38.76826221190518
test_00901,23.73444646891884
test_00902,29.844544142852683
test_00903,52.278035092790304
test_00904,21.967006391813882
test_00905,22.7597981275791
test_00906,37.716964564890354
test_00907,32.01221400587337
test_00908,92.45097370166347
test_00909,12.192168700719892
test_00910,13.77752905200234
test_00911,26.490351351762477
test_00912,11.41160943701544
test_00913,12.956064162584928
test_00914,23.856441373976235
test_00915,17.591653147513856
test_00916,16.30095181958754
test_00917,14.388856073708482
test_00918,41.320276459956595
test_00919,18.300734543321116
test_00920,50.00855374557449
test_00921,15.310901622316855
test_00922,71.91807579871796
test_00923,13.688531337404084
test_00924,50.78940158051856
test_00925,14.425446520014283
test_00926,44.59747400036633
test_00927,31.358811905511672
test_00928,31.264350519188497
test_00929,15.373234242791048
test_00930,51.898072405336904
test_00931,18.649938434655088
test_00932,16.601915750920654
test_00933,11.575450162858381
test_00934,30.0120265797149
test_00935,61.66884849349295
test_00936,52.351218338456775
test_00937,20.79211130397737
test_00938,64.51112655635683
test_00939,22.199684804199162
test_00940,15.953551999491612
test_00941,71.00945699289365
test_00942,48.186903365819276
test_00943,81.70468078721512
test_00944,39.19088831396325
test_00945,18.953649701158582
test_00946,41.63821103769679
test_00947,16.99366007940279
test_00948,23.57079944426483
test_00949,16.636229251235797
test_00950,18.15254136066452
test_00951,29.22988453494384
test_00952,20.71558393659975
test_00953,49.52274996773722
test_00954,24.377038361509637
test_00955,13.40907237870079
test_00956,51.037584177956795
test_00957,15.24996817416525
test_00958,25.35684753896126
test_00959,30.241151109467037
test_00960,65.54181264505883
test_00961,25.501829185134312
test_00962,39.63764295142063
test_00963,37.351587633349936
test_00964,22.471437427168098
test_00965,47.597743262288574
test_00966,36.14230785367738
test_00967,20.00254306886769
test_00968,53.73666288314433
test_00969,22.129868480191867
test_00970,14.903965464125086
test_00971,20.1342733414556
test_00972,15.52471045982622
test_00973,92.07377344334931
test_00974,37.74953947996269
test_00975,31.686213620406114
test_00976,19.970392308009387
test_00977,17.558234223856065
test_00978,25.17626054871833
test_00979,23.958601948343006
test_00980,84.96688746917727
test_00981,20.88778378428647
test_00982,50.350675250132134
test_00983,23.65796551620353
test_00984,20.351857179846412
test_00985,24.37000796274502
test_00986,35.137888951135366
test_00987,17.350359967007343
test_00988,43.119584519748244
test_00989,26.441723295369524
test_00990,21.82366171592927
test_00991,88.3540700210919
test_00992,12.530629467759475
test_00993,19.129607443490727
test_00994,20.04331306061086
test_00995,34.771883951734615
test_00996,24.49017994102244
test_00997,14.411959039673263
test_00998,41.03582617255922
test_00999,25.932679435341356
test_01000,35.76329478113031
test_01001,18.06211392282229
test_01002,37.68636323882045
test_01003,18.952559101462334
test_01004,50.88066540095104
test_01005,35.38746766234258
test_01006,57.05554576908831
test_01007,33.51726694665899
test_01008,37.37612904945782
test_01009,27.793175322828347
test_01010,53.870515424517315
test_01011,43.004634383462104
test_01012,61.15122486838685
test_01013,27.512556744435297
test_01014,31.127450951145327
test_01015,47.62264969948866
test_01016,27.46818296991343
test_01017,27.905570239906332
test_01018,28.974013810996702
test_01019,29.596751077278633
test_01020,50.89586311022466
test_01021,51.48746299044652
test_01022,16.8233376578987
test_01023,15.849202999917129
test_01024,19.970205294622684
test_01025,51.33236716286118
test_01026,20.6225821063582
test_01027,18.655466219463097
test_01028,17.857245268047137
test_01029,34.29524071726165
test_01030,26.646841751836927
test_01031,37.47176691890189
test_01032,15.001757084115875
test_01033,25.222587406319434
test_01034,98.64728915847817
test_01035,16.196168215929955
test_01036,39.967481617189804
test_01037,18.14179615209588
test_01038,41.430434106445404
test_01039,19.176864320405336
test_01040,48.48103093117606
test_01041,43.93982094215169
test_01042,14.396378993064575
test_01043,19.414688167608873
test_01044,24.18299620574128
test_01045,25.140432957656973
test_01046,31.588556771712206
test_01047,45.837744709611634
test_01048,19.904478519046513
test_01049,14.175510653445068
test_01050,47.19918852950718
test_01051,24.323645591316627
test_01052,24.51943956420431
test_01053,42.472815465210346
test_01054,26.630788740342727
test_01055,9.307160005767695
test_01056,17.050950176548906
test_01057,27.104559519184697
test_01058,50.594701050413235
test_01059,19.270154086617964
test_01060,11.03534888209067
test_01061,25.02281299959978
test_01062,29.74558696594569
test_01063,11.458534536651118
test_01064,61.15513784683294
test_01065,22.997550722409
test_01066,20.773262622246897
test_01067,12.67497791028531
test_01068,72.38116264594609
test_01069,26.268918855638514
test_01070,46.55358071923502
test_01071,46.753892784496635
test_01072,97.6155345364034
test_01073,13.854540899164608
test_01074,13.310444310600335
test_01075,36.443252983424614
test_01076,49.086313911819225
test_01077,46.19377570340512
test_01078,10.56221283788839
test_01079,19.044057953941813
test_01080,18.984048916927236
test_01081,13.972628024761924
test_01082,27.561591823963226
test_01083,18.9703447378507
test_01084,48.11561583194546
test_01085,29.790290892332223
test_01086,17.033269245110702
test_01087,13.570383870451323
test_01088,33.5379408621261
test_01089,18.50025654536306
test_01090,52.618977902052265
test_01091,13.35235764005124
test_01092,24.758579157756817
test_01093,28.101406932079005
test_01094,14.224089107095256
test_01095,30.585416380247047
test_01096,77.272353618931
test_01097,49.98782545665784
test_01098,49.370559554311846
test_01099,17.604453812725332
test_01100,77.60337036035992
test_01101,18.363496129135243
test_01102,20.884382476492707
test_01103,37.90405371940407
test_01104,21.957985593319563
test_01105,20.73732236285001
test_01106,32.33965035139066
test_01107,37.37053557085494
test_01108,72.25475357105108
test_01109,47.33256281461993
test_01110,46.36067326960681
test_01111,48.78075474536491
test_01112,22.90359289899761
test_01113,16.54210893926134
test_01114,20.931615737733743
test_01115,35.484530058886634
test_01116,39.33906031499455
test_01117,31.364738668925277
test_01118,23.16660902609532
test_01119,30.134470299242857
test_01120,41.777408947788444
test_01121,48.81406170936591
test_01122,57.27931129244051
test_01123,17.952524771140418
test_01124,26.77383187771081
test_01125,50.03473111241095
test_01126,55.09197981161843
test_01127,16.891237569494198
test_01128,74.15886389072931
test_01129,28.245959765437664
test_01130,45.7518305410034
test_01131,14.703772588101362
test_01132,21.637468559184253
test_01133,29.037739506614685
test_01134,63.73223387221131
test_01135,27.72562846962301
test_01136,31.570723900967593
test_01137,22.606715291931376
test_01138,89.02780475525168
test_01139,10.122347673630385
test_01140,57.494407450192845
test_01141,16.318508868178192
test_01142,49.55466529554856
test_01143,16.134907297385038
test_01144,55.74938773568239
test_01145,25.632450788466905
test_01146,30.54741083705728
test_01147,19.823208645483362
test_01148,17.839197648421624
test_01149,43.90954790362238
test_01150,12.73241773537414
test_01151,15.945664803653017
test_01152,20.26916895422744
test_01153,77.3803882616572
test_01154,83.58951339906419
test_01155,42.438992863204255
test_01156,22.483290680381437
test_01157,23.91485384315575
test_01158,132.5084721225291
test_01159,27.715567960367505
test_01160,18.66587813370751
test_01161,64.16425492912282
test_01162,19.74278084511087
test_01163,87.89327713233298
test_01164,25.0664932173874
test_01165,19.593402945996065
test_01166,16.857087302470696
test_01167,25.02905134336454
test_01168,105.07393138054978
test_01169,19.936369689257265
test_01170,56.29371783534441
test_01171,19.292281770471206
test_01172,27.36920999328561
test_01173,18.990392393843706
test_01174,26.006930516160832
test_01175,44.07198093138772
test_01176,20.901841192959992
test_01177,25.437574293839155
test_01178,22.883702225829705
test_01179,49.34921831317461
test_01180,11.551527244670451
test_01181,40.64779606189663
test_01182,39.73095854578684
test_01183,47.367285191217775
test_01184,42.91585970300972
test_01185,14.568609519485557
test_01186,30.643092775221646
test_01187,24.87571765675896
test_01188,26.677056172481336
test_01189,13.534214938472548
test_01190,28.53632195256611
test_01191,15.963368598149504
test_01192,60.504176843708336
test_01193,26.595809032390754
test_01194,35.17409717454884
test_01195,38.553150917403826
test_01196,73.68341103747267
test_01197,76.4347701421772
test_01198,43.44401991793455
test_01199,74.38294629457377
test_01200,33.73549428553301
test_01201,23.32826092524808
test_01202,79.50322373805608
test_01203,59.646038429669595
test_01204,26.351118336738857
test_01205,29.003006874139082
test_01206,35.04160165862355
test_01207,17.04686598337597
test_01208,18.576294677192923
test_01209,16.90968870796558
test_01210,24.61460422219644
test_01211,46.338544472523594
test_01212,17.941733376033657
test_01213,37.655355934139315
test_01214,50.90686514718986
test_01215,15.634366308625744
test_01216,26.444103851369476
test_01217,36.043588645204906
test_01218,47.43160849714912
test_01219,31.253676277486008
test_01220,25.191171467122487
test_01221,73.94639148288033
test_01222,47.475581962598284
test_01223,23.626022169601477
test_01224,23.800229792316383
test_01225,43.105747990593045
test_01226,36.75849414644524
test_01227,16.596593798144134
test_01228,14.702662987342018
test_01229,43.95637327873436
test_01230,26.208069080422888
test_01231,25.15732487094237
test_01232,34.98761636580511
test_01233,27.704930624917097
test_01234,24.451642160585095
test_01235,27.038193953737586
test_01236,22.24875316215354
test_01237,14.692459187465186
test_01238,29.82720093999678
test_01239,45.346538029845405
test_01240,36.84532956752998
test_01241,18.51831040726408
test_01242,37.50018127618848
test_01243,32.89687481959945
test_01244,22.71741524958552
test_01245,9.873164114653838
test_01246,32.3372449358412
test_01247,29.92406062333866
test_01248,15.400445993273408
test_01249,25.317300156247672
test_01250,18.28155429619817
test_01251,20.460716591824887
test_01252,36.616815870434095
test_01253,26.34079838545128
test_01254,20.665306472062586
test_01255,61.962672115291916
test_01256,28.304574041770767
test_01257,13.882830631036471
test_01258,20.41110649844873
test_01259,11.358509690748217
test_01260,77.0720831931714
test_01261,14.134363785917357
test_01262,19.03982995357435
test_01263,61.801027288661366
test_01264,40.84975391703863
test_01265,20.34957072355492
test_01266,48.02079703934918
test_01267,39.137108444908336
test_01268,24.643297414365037
test_01269,74.26854094108073
test_01270,29.43926342817137
test_01271,15.96088441883268
test_01272,49.93246905574162
test_01273,19.854480008459092
test_01274,20.230376830984348
test_01275,19.777353336408506
test_01276,53.860676094398485
test_01277,21.8988232158748
test_01278,31.689023680755433
test_01279,94.16969291682227
test_01280,48.48461921894213
test_01281,48.9439780863133
test_01282,34.93452449937351
test_01283,13.588509845601099
test_01284,114.96121406177633
test_01285,48.40117069470607
test_01286,20.993847806118275
test_01287,14.953229014853331
test_01288,13.575543162379995
test_01289,22.511787030038427
test_01290,50.62779434709425
test_01291,12.664612767756942
test_01292,46.187629876201186
test_01293,30.787770746476987
test_01294,22.96043667161723
test_01295,26.030511027281126
test_01296,19.223363686630655
test_01297,33.9645227430404
test_01298,15.318557076724158
test_01299,15.27722471005363
test_01300,23.736847921708218
test_01301,13.411418294296595
test_01302,37.824581886591716
test_01303,22.978161505110904
test_01304,43.386946738267525
test_01305,21.288460710848618
test_01306,13.573440389445764
test_01307,16.554034047429955
test_01308,45.924144458722814
test_01309,19.664516289396776
test_01310,23.98786462141523
test_01311,57.262723033875154
test_01312,65.42237845709097
test_01313,26.793269738338743
test_01314,14.669196226560638
test_01315,50.431465623377605
test_01316,53.51500351070302
test_01317,47.798410747366624
test_01318,33.45715835228685
test_01319,57.81036270517704
test_01320,17.704075302043275
test_01321,15.197890978907102
test_01322,20.97227075535823
test_01323,28.409587303022438
test_01324,19.808673989758855
test_01325,14.44900464215688
test_01326,17.60786484787775
test_01327,35.004922379292246
test_01328,39.444699858454
test_01329,40.577160145785996
test_01330,25.55857485207351
test_01331,42.37144385956455
test_01332,30.953890021262595
test_01333,65.70476372102645
test_01334,33.74519934283965
test_01335,13.024522163492941
test_01336,34.655476884917135
test_01337,21.020725690385447
test_01338,19.57832230241964
test_01339,12.742893403908155
test_01340,60.96485761208248
test_01341,20.722926487185088
test_01342,48.57533386782012
test_01343,18.318318411406892
test_01344,13.234201329578667
test_01345,24.98028122125216
test_01346,57.09376791315338
test_01347,74.90860636478227
test_01348,23.48689009567742
test_01349,23.43827404080562
test_01350,13.174085013684932
test_01351,62.03144839252229
test_01352,12.06943311849654
test_01353,31.617619633041766
test_01354,33.751604808605165
test_01355,44.144061883618505
test_01356,27.653435493269065
test_01357,26.521779631834928
test_01358,17.261175227227405
test_01359,30.777464491291916
test_01360,60.25229116993867
test_01361,61.58167503934671
test_01362,45.878910328050836
test_01363,55.76997886294609
test_01364,64.33420257802115
test_01365,28.005751932281292
test_01366,37.01853992219649
test_01367,50.6177397357525
test_01368,65.33834472767434
test_01369,15.65621258371969
test_01370,19.479440148411392
test_01371,21.543238215203555
test_01372,58.851168880140996
test_01373,36.128731268091514
test_01374,58.73786764767766
test_01375,39.06640520592026
test_01376,20.276049331691457
test_01377,15.5718303773834
test_01378,100.76640839388342
test_01379,22.11540013011732
test_01380,39.54522054550969
test_01381,18.050112919879773
test_01382,13.378483999117972
test_01383,26.051805590589353
test_01384,45.36436952398416
test_01385,21.705114071017306
test_01386,12.377806939583715
test_01387,45.66427770209914
test_01388,37.344908399528904
test_01389,23.650257544204127
test_01390,20.36953566244271
test_01391,30.92172852999169
test_01392,12.997810190719033
test_01393,14.3186319683393
test_01394,23.028417241061472
test_01395,20.628622234536948
test_01396,19.593321610985633
test_01397,30.054746216947823
test_01398,21.355704992442217
test_01399,48.33677652869473
test_01400,30.275689517183054
test_01401,20.444781705351662
test_01402,53.57436201251707
test_01403,42.14036152416262
test_01404,22.490269488231412
test_01405,26.319775160782484
test_01406,18.044010655422838
test_01407,16.156855469952642
test_01408,20.780488153158533
test_01409,110.83277876889159
test_01410,26.22719200352154
test_01411,28.406311756972045
test_01412,13.897382860098592
test_01413,20.98948254136671
test_01414,43.20446099905598
test_01415,20.05168419056117
test_01416,17.36433336498405
test_01417,22.117222397412597
test_01418,74.40052495449089
test_01419,16.20847196327272
test_01420,15.440323505276313
test_01421,17.674722013930108
test_01422,49.688114081700434
test_01423,23.813394988096153
test_01424,28.712056307770734
test_01425,43.144374822708144
test_01426,16.310006709585224
test_01427,17.772002975505412
test_01428,31.588675728035664
test_01429,25.590791944124383
test_01430,65.0826466800158
test_01431,106.99807105739129
test_01432,23.249298101681372
test_01433,51.91954756781078
test_01434,24.527453275993746
test_01435,45.35036766126008
test_01436,18.20565293288876
test_01437,50.524425805336485
test_01438,15.201494076639836
test_01439,20.717896610989204
test_01440,21.568984877385493
test_01441,23.382933368557705
test_01442,12.423873111465202
test_01443,46.87598652373449
test_01444,15.327182985159794
test_01445,70.56231610699697
test_01446,25.219818931934533
test_01447,46.26314156500534
test_01448,42.90263936559577
test_01449,30.96029345212874
test_01450,34.04766964038724
test_01451,62.16808793551017
test_01452,18.882939759079456
test_01453,25.95505148571029
test_01454,36.59781251133665
test_01455,50.992858494289024
test_01456,52.10450572026188
test_01457,42.321678755409295
test_01458,45.78703293364258
test_01459,13.571315587728353
test_01460,15.123651193904234
test_01461,25.67315668284153
test_01462,73.74693184235677
test_01463,25.622237300309152
test_01464,30.842916425520183
test_01465,13.237118231908557
test_01466,18.048637352178158
test_01467,26.167295398085702
test_01468,14.380823103395466
test_01469,19.142533679103533
test_01470,29.040960890411995
test_01471,40.11165181671251
test_01472,22.51632429456493
test_01473,107.41300442148909
test_01474,39.340969923647506
test_01475,28.570002933534482
test_01476,31.574671864724003
test_01477,14.155440200875695
test_01478,58.9158505712403
test_01479,49.36942423212473
test_01480,74.6630106144202
test_01481,56.698028806290736
test_01482,45.6190869258986
test_01483,14.607111631631321
test_01484,13.134257734115945
test_01485,51.78119640363719
test_01486,50.34896382578997
test_01487,28.227642976256323
test_01488,66.17888605021037
test_01489,34.73150944973305
test_01490,14.739363371432658
test_01491,26.71213758701989
test_01492,15.327810046960007
test_01493,41.744404368662295
test_01494,12.886867831590138
test_01495,18.263048822590083
test_01496,13.982033206745006
test_01497,24.436354307132998
test_01498,13.677824839456612
test_01499,41.73687416407263
test_01500,5.815239718646221
test_01501,12.536283931383945
test_01502,44.48268994953364
test_01503,19.054908463610474
test_01504,10.612030570634383
test_01505,24.215565027353964
test_01506,14.62873155068113
test_01507,64.77373579455198
test_01508,30.44197975471834
test_01509,13.392858044080555
test_01510,56.51935586392267
test_01511,25.03264414294107
test_01512,25.27155276251001
test_01513,81.7217653034354
test_01514,21.3146299799775
test_01515,18.34966796831568
test_01516,32.758500488576246
test_01517,45.284986161500754
test_01518,17.52997533474905
test_01519,18.58812538768738
test_01520,17.917946727381143
test_01521,33.002985597064196
test_01522,25.10964078014028
test_01523,58.43826578889854
test_01524,47.69191178586553
test_01525,15.385271706461214
test_01526,9.900290662340964
test_01527,25.082853518996362
test_01528,24.980907488500094
test_01529,61.035816719589036
test_01530,11.106647237313641
test_01531,18.089182622461767
test_01532,18.351930906358522
test_01533,17.49725037812642
test_01534,23.377252099406736
test_01535,111.4525264587056
test_01536,19.016330661053384
test_01537,52.93799224249473
test_01538,33.60424465569427
test_01539,35.09904420101321
test_01540,55.80872530985134
test_01541,19.047367685161692
test_01542,29.77203932850952
test_01543,43.2503371722061
test_01544,41.79671922365488
test_01545,23.371486943663275
test_01546,24.372976358442024
test_01547,20.10542949380453
test_01548,52.82348596839415
test_01549,21.627344369342946
test_01550,40.07286163665433
test_01551,26.868582601416236
test_01552,30.743806005968842
test_01553,14.366620721568538
test_01554,46.36322051541773
test_01555,28.596436756556667
test_01556,59.40369741299682
test_01557,18.04998263187776
test_01558,22.969759589001594
test_01559,13.381035012831463
test_01560,62.20195726833471
test_01561,89.48703364962928
test_01562,23.130882593200937
test_01563,13.451087728871343
test_01564,13.967010446885862
test_01565,20.097452455008025
test_01566,28.835487190073195
test_01567,43.58059461088747
test_01568,20.139787753943757
test_01569,20.60277904674362
test_01570,34.88920085750091
test_01571,37.62042030663542
test_01572,12.695292633325195
test_01573,31.870857176851565
test_01574,12.97608183816999
test_01575,23.38562749857502
test_01576,20.584665359310616
test_01577,31.29677664772707
test_01578,23.479058848912974
test_01579,43.470282747590346
test_01580,21.281620865239944
test_01581,33.9612013452517
test_01582,23.217328833760266
test_01583,54.17559945436192
test_01584,14.371282214285898
test_01585,54.735281125142784
test_01586,19.55055366737844
test_01587,31.45506313411012
test_01588,94.28496877120787
test_01589,62.97658744354385
test_01590,41.61199281963998
test_01591,32.40492275264691
test_01592,33.93638771679358
test_01593,35.46521598473363
test_01594,26.30858755480651
test_01595,17.86549442125453
test_01596,75.72662513280633
test_01597,16.315475542754246
test_01598,22.49036687791626
test_01599,65.69314723056766
test_01600,23.290471551752265
test_01601,46.40395538630759
test_01602,29.332701247914137
test_01603,21.960686022310743
test_01604,16.89711515738989
test_01605,41.588000611160474
test_01606,50.45065633202674
test_01607,82.40617889103287
test_01608,42.345184447729615
test_01609,21.895873797931813
test_01610,25.28701856281353
test_01611,56.13474862255079
test_01612,19.27443927757309
test_01613,15.549761372294281
test_01614,17.060153028031806
test_01615,21.318128726479735
test_01616,57.28830162824863
test_01617,17.742082584696476
test_01618,23.565373348279294
test_01619,17.340105786173556
test_01620,54.693891193849886
test_01621,90.80868537033717
test_01622,31.794324858547828
test_01623,13.126550886699624
test_01624,43.97626376237101
test_01625,35.26817018108208
test_01626,18.363112218236168
test_01627,23.79446086586736
test_01628,29.858427150540727
test_01629,37.2742539960647
test_01630,42.82605639995311
test_01631,12.240867445275919
test_01632,47.074286503391725
test_01633,14.968843783265852
test_01634,19.176337824233904
test_01635,12.828950798505002
test_01636,16.45529449359974
test_01637,30.894399089096773
test_01638,13.65977992563462
test_01639,40.828391910670646
test_01640,16.034423431184337
test_01641,31.502705648150037
test_01642,31.936769811287064
test_01643,80.06073354597245
test_01644,43.93660690972449
test_01645,24.71276539257114
test_01646,26.937099718687037
test_01647,19.36032701384833
test_01648,44.37892838031125
test_01649,43.76052093472701
test_01650,49.67179340416198
test_01651,22.243230933657134
test_01652,28.32529322004223
test_01653,23.24566108535989
test_01654,46.8746873477757
test_01655,26.702438207153644
test_01656,17.6123127100858
test_01657,30.040199595551954
test_01658,23.66601429215465
test_01659,34.30458177125634
test_01660,37.402836120233246
test_01661,16.141859606858098
test_01662,67.58279655308165
test_01663,26.156940743098446
test_01664,73.2647059588104
test_01665,15.235271754003358
test_01666,16.13874323535007
test_01667,13.94701173082354
test_01668,29.368064851654704
test_01669,23.649034685594597
test_01670,20.64681320145912
test_01671,27.371078561850155
test_01672,17.606514886088558
test_01673,31.046750577922225
test_01674,30.001594488641416
test_01675,21.93898107992488
test_01676,32.46344051787793
test_01677,32.8143617631573
test_01678,44.90372313047129
test_01679,80.50892438998733
test_01680,15.652007076772438
test_01681,23.71021394462981
test_01682,14.154136749878468
test_01683,72.0569251302081
test_01684,16.52435123306907
test_01685,32.86157597162159
test_01686,55.181085956468536
test_01687,19.056600195170503
test_01688,26.2190009838911
test_01689,24.5368151463663
test_01690,15.486346325171542
test_01691,14.009068949262476
test_01692,15.560199537608707
test_01693,21.767460077523516
test_01694,27.38624313640257
test_01695,20.38297904143249
test_01696,35.542644645147895
test_01697,26.82283247823454
test_01698,26.6723585290284
test_01699,20.622290244478624
test_01700,95.72485860299022
test_01701,24.037980715276614
test_01702,50.34677766497482
test_01703,25.630698178764508
test_01704,55.63074926386578
test_01705,56.169317264791985
test_01706,26.020278445590467
test_01707,18.08695142263367
test_01708,22.63278871202558
test_01709,16.749375713060033
test_01710,32.89258837602656
test_01711,29.846668222113347
test_01712,59.38744355930373
test_01713,47.22458710048218
test_01714,12.083649987207146
test_01715,38.37638780988949
test_01716,10.557024017072209
test_01717,21.970128706019167
test_01718,40.56013460740545
test_01719,24.469757123779846
test_01720,75.34044631916684
test_01721,30.731590752147902
test_01722,25.524339291825246
test_01723,56.29329503285849
test_01724,33.37627703167874
test_01725,32.241051814286706
test_01726,21.717656775289388
test_01727,17.755087389088366
test_01728,19.040045360390355
test_01729,47.858535103007355
test_01730,61.7334730962924
test_01731,20.729992154085856
test_01732,18.633190032964965
test_01733,30.29433657130309
test_01734,17.94355455015249
test_01735,36.49957009940839
test_01736,50.69700995329852
test_01737,30.972590681039534
test_01738,32.27834024879398
test_01739,40.41425303726101
test_01740,16.51510644675725
test_01741,32.11857368202023
test_01742,38.33546509497076
test_01743,41.84616822559588
test_01744,58.19075241526583
test_01745,10.565578391784708
test_01746,21.195364198343174
test_01747,30.205811673376274
test_01748,31.138583233851413
test_01749,28.922780881515624
test_01750,25.857604420412322
test_01751,45.88232822016582
test_01752,23.145254710048604
test_01753,13.001063192490232
test_01754,17.910082515754013
test_01755,35.39021401459618
test_01756,18.972461631814554
test_01757,19.39832803973796
test_01758,24.996222417938174
test_01759,54.56008590905788
test_01760,23.801299309008275
test_01761,19.577906319072497
test_01762,59.40215574553308
test_01763,57.391131531344996
test_01764,23.170767199750202
test_01765,21.046362845771245
test_01766,41.777474421914945
test_01767,25.44911134396444
test_01768,46.34769533484467
test_01769,52.76953951678194
test_01770,26.449269951400797
test_01771,30.38262718964916
test_01772,28.051585367830285
test_01773,37.19068000979286
test_01774,69.74001019704187
test_01775,36.54014226031712
test_01776,13.112790772593488
test_01777,25.865654594233344
test_01778,15.925693547155543
test_01779,22.845579848253436
test_01780,48.131578405341536
test_01781,17.314278751826105
test_01782,20.35613563421761
test_01783,61.88496127428616
test_01784,30.893816149892608
test_01785,30.410085597220327
test_01786,46.1245039106266
test_01787,15.66337607208735
test_01788,36.63017180336434
test_01789,25.3210171647201
test_01790,44.242894493944064
test_01791,58.0717114369374
test_01792,26.893074542775594
test_01793,17.843450289887087
test_01794,86.41458669060749
test_01795,26.038548799641347
test_01796,34.261033980850364
test_01797,27.485482852671034
test_01798,16.314181036633393
test_01799,11.549524165186837
test_01800,38.422088001542946
test_01801,14.438172707792063
test_01802,35.10942091130957
test_01803,34.90912907256017
test_01804,24.142183573728218
test_01805,48.05064500013856
test_01806,20.378866831532466
test_01807,14.10697877447519
test_01808,69.23282979681335
test_01809,20.39888034903432
test_01810,45.326047130060836
test_01811,14.167807759822654
test_01812,23.551076881437965
test_01813,38.472403061254084
test_01814,33.4369198495031
test_01815,8.987884381560152
test_01816,19.85728595006649
test_01817,43.13130308112519
test_01818,15.651308968644226
test_01819,35.61851471392097
test_01820,49.45584978406379
test_01821,22.71034606327259
test_01822,14.711795492026198
test_01823,31.932272595372385
test_01824,16.516784302723295
test_01825,31.278358855957787
test_01826,15.24200969808863
test_01827,26.060849922078617
test_01828,83.09196277849861
test_01829,45.38328777886911
test_01830,28.138512575468248
test_01831,43.952975666055245
test_01832,99.81627753988603
test_01833,41.09612276367517
test_01834,23.018102524330143
test_01835,25.29916614997951
test_01836,28.201885544619017
test_01837,29.347259032793797
test_01838,22.726172970174407
test_01839,17.68533314865
test_01840,27.837294619051562
test_01841,25.287577124634748
test_01842,37.67281753320847
test_01843,14.57214988320758
test_01844,27.65472687669652
test_01845,106.08141873512614
test_01846,33.36113444109295
test_01847,44.91858159737845
test_01848,38.766882028137545
test_01849,34.88238546165672
test_01850,28.65713617821066
test_01851,32.55202600873521
test_01852,116.79574344535845
test_01853,19.7134873335742
test_01854,25.55135788689719
test_01855,21.96598513778881
test_01856,7.84941052102702
test_01857,49.74787721884148
test_01858,24.58814342671011
test_01859,29.588395148690417
test_01860,12.412299923076649
test_01861,45.65741675808885
test_01862,31.079416260632925
test_01863,19.420863399953173
test_01864,24.53917342071449
test_01865,65.53315654050343
test_01866,24.567012653511625
test_01867,45.77308166630531
test_01868,61.387299003773755
test_01869,18.60140580489301
test_01870,53.97761445078162
test_01871,24.964378977595985
test_01872,19.18722251295105
test_01873,39.707897532616265
test_01874,50.98739074662883
test_01875,45.2234982826784
test_01876,39.09662156163017
test_01877,32.3748458157348
test_01878,46.77368700289546
test_01879,66.80447515959938
test_01880,58.57969862375194
test_01881,50.83942001668507
test_01882,25.061565808529227
test_01883,36.28674044536468
test_01884,21.462294588352908
test_01885,88.30064184470477
test_01886,68.36291008176838
test_01887,22.313485485522477
test_01888,37.268608273888105
test_01889,12.838016427808622
test_01890,69.37838738737574
test_01891,23.199075085552963
test_01892,23.191594166635294
test_01893,57.45359778765282
test_01894,54.1197857868856
test_01895,47.99588346936218
test_01896,17.5986697095681
test_01897,13.26503839144043
test_01898,18.99345616897977
test_01899,56.60360227043597
test_01900,71.03784117627424
test_01901,26.41084540184582
test_01902,19.322791055723904
test_01903,14.286890464930682
test_01904,26.717887989773146
test_01905,21.295817020040072
test_01906,17.513228172144164
test_01907,39.43715553112257
test_01908,67.51613769724756
test_01909,13.996002159364581
test_01910,19.435353920456983
test_01911,27.39041528415259
test_01912,23.97823494495049
test_01913,29.768476676349948
test_01914,15.54211777985821
test_01915,16.876217988273964
test_01916,33.011047060649226
test_01917,15.504483195166003
test_01918,43.78507252338141
test_01919,71.39980676030068
test_01920,17.980244056816087
test_01921,66.75294337279244
test_01922,30.37230862963355
test_01923,14.76029612755916
test_01924,30.60585490782912
test_01925,31.979535083459908
test_01926,16.51947012220093
test_01927,22.09518918957589
test_01928,95.44434800378626
test_01929,28.08680014621994
test_01930,14.650403187774959
test_01931,66.59373973764119
test_01932,15.435904207087503
test_01933,49.944999130878486
test_01934,42.30215407941038
test_01935,29.38893458117593
test_01936,18.4719784879294
test_01937,35.357469367264095
test_01938,18.55993650791613
test_01939,30.02806227923562
test_01940,107.96825100126681
test_01941,64.28739819206416
test_01942,12.740474050635301
test_01943,30.5563155986136
test_01944,33.59304595435307
test_01945,26.069904559972596
test_01946,81.22625820199553
test_01947,12.166964947709012
test_01948,20.085707083016644
test_01949,26.876333015569806
test_01950,43.78711829999821
test_01951,32.75495405902764
test_01952,25.20543909065363
test_01953,25.205575904221813
test_01954,22.545411113188646
test_01955,30.60559517183111
test_01956,89.85596101747979
test_01957,79.92958515738599
test_01958,42.26129909406987
test_01959,68.33505466696488
test_01960,28.943462420415706
test_01961,33.00773369447093
test_01962,44.87585193401907
test_01963,30.663285527842763
test_01964,33.96240925513134
test_01965,21.708185360099993
test_01966,33.41976168752045
test_01967,20.763181815799822
test_01968,21.824877262270068
test_01969,16.043552695730476
test_01970,52.10227206364176
test_01971,35.20547523180058
test_01972,39.89966112104675
test_01973,27.56728118187238
test_01974,37.31387017702541
test_01975,53.522279884318024
test_01976,16.49772612646335
test_01977,25.73967327235478
test_01978,38.280223062492155
test_01979,33.892073471925386
test_01980,49.67672690254069
test_01981,22.764118365889498
test_01982,13.848747154731072
test_01983,31.146685454700304
test_01984,20.902638745981626
test_01985,20.668273681073703
test_01986,28.393252853421682
test_01987,21.693036088506272
test_01988,35.94908058720041
test_01989,15.54603230894279
test_01990,34.59717805863869
test_01991,19.906757565122835
test_01992,36.1523562389894
test_01993,44.439990174339144
test_01994,35.34851219178067
test_01995,32.81774383280836
test_01996,16.046533769610885
test_01997,45.6681274771418
test_01998,20.400402404699822
test_01999,43.02430868918077
test_02000,65.95820602122807
test_02001,20.642888764725154
test_02002,27.479811401362724
test_02003,22.654666774841758
test_02004,21.202626216883644
test_02005,14.523084946161607
test_02006,43.99538018257949
test_02007,28.328994073516775
test_02008,26.99006968752015
test_02009,62.77636713879457
test_02010,18.550834554420426
test_02011,14.761315680285282
test_02012,20.125864528653093
test_02013,28.81988616332784
test_02014,34.085588556110764
test_02015,55.71740244566246
test_02016,18.930985169036312
test_02017,20.383733378190847
test_02018,26.40405737598164
test_02019,30.36450054696822
test_02020,24.6376589602014
test_02021,48.38758223575511
test_02022,26.41311945964381
test_02023,43.25410165786181
test_02024,17.766516849864363
test_02025,126.4814870894149
test_02026,54.454290361685395
test_02027,19.098566698473725
test_02028,34.74796403590457
test_02029,73.25128481630712
test_02030,26.302040514925558
test_02031,11.193560147717335
test_02032,33.4196754696894
test_02033,44.942227041181596
test_02034,23.709129198123858
test_02035,63.47942090424925
test_02036,22.471962145102914
test_02037,16.93946312977297
test_02038,72.10244848150707
test_02039,38.872716423389534
test_02040,21.077034961231767
test_02041,29.087570833312945
test_02042,14.247581621516145
test_02043,20.45800769251618
test_02044,45.918475257196015
test_02045,32.14542394695083
test_02046,26.395243933093013
test_02047,28.551012374188787
test_02048,14.943692787451472
test_02049,37.394743670819004
test_02050,57.042968154504194
test_02051,27.201026491272422
test_02052,49.224819406959455
test_02053,15.682994666972975
test_02054,40.71918302067962
test_02055,15.997933617363172
test_02056,23.910879124473897
test_02057,70.98260500444428
test_02058,16.172858545385264
test_02059,23.515776602086042
test_02060,27.550951954204812
test_02061,23.781217658947817
test_02062,20.743178373305334
test_02063,75.99631645265822
test_02064,19.88024299760413
test_02065,57.30798907203324
test_02066,30.033389486104717
test_02067,10.83531025490121
test_02068,53.34402834199914
test_02069,22.38007138151056
test_02070,21.15544518012105
test_02071,19.053097252812773
test_02072,54.25681783385242
test_02073,33.01785233364364
test_02074,20.36287942827254
test_02075,14.87420066373663
test_02076,26.289437183988777
test_02077,21.160279555044827
test_02078,66.477962335318
test_02079,42.5184031263294
test_02080,58.40576992128
test_02081,17.524740365189416
test_02082,27.489409605320276
test_02083,28.433858393495708
test_02084,13.601015764431747
test_02085,21.162054980846197
test_02086,15.84520090793671
test_02087,36.57106499255861
test_02088,72.41302979728121
test_02089,16.96251389010201
test_02090,29.027780746096514
test_02091,17.71445728592952
test_02092,20.832488721241738
test_02093,25.395563997439332
test_02094,28.05416967918224
test_02095,19.030011822431874
test_02096,18.63049186227069
test_02097,44.21913630179089
test_02098,51.33191324565548
test_02099,13.974710783123466
test_02100,15.677654155961493
test_02101,13.332593739897796
test_02102,16.23106620114976
test_02103,24.062210097066924
test_02104,37.677339063396545
test_02105,85.00362184163035
test_02106,22.2744558113629
test_02107,13.04838281926267
test_02108,48.68516624639436
test_02109,30.3837699678596
test_02110,15.568577569364532
test_02111,37.45553461803854
test_02112,84.97132032179123
test_02113,16.998759456451747
test_02114,23.016379809989022
test_02115,19.455810690072514
test_02116,45.00198647167618
test_02117,20.31030732421769
test_02118,28.936550830903812
test_02119,60.466491888377554
test_02120,29.566105293195058
test_02121,27.48683511386347
test_02122,47.22614131094436
test_02123,15.352079605502677
test_02124,22.844484166871172
test_02125,49.88048898997003
test_02126,13.948673116831488
test_02127,18.232310992727314
test_02128,19.783269981515616
test_02129,29.2651941558614
test_02130,51.400387733016544
test_02131,44.10419934778686
test_02132,21.417753248089465
test_02133,46.14029104610944
test_02134,17.709140998450415
test_02135,51.13022745145594
test_02136,19.000014971059887
test_02137,22.799922634541357
test_02138,26.106793769531006
test_02139,51.41864161913927
test_02140,31.545549801466194
test_02141,49.20824949457774
test_02142,36.72355748740176
test_02143,40.36961341169885
test_02144,50.27511459707823
test_02145,39.29602685219311
test_02146,54.4493014359504
test_02147,44.970990718700634
test_02148,46.002036409673266
test_02149,37.79476987386132
test_02150,12.025835512518686
test_02151,26.776384070263354
test_02152,23.934297093317973
test_02153,39.52150406264763
test_02154,49.5652157484383
test_02155,27.32304203626786
test_02156,71.07217068066343
test_02157,10.423679660845739
test_02158,25.09484530520093
test_02159,14.729816216450953
test_02160,15.913998894070543
test_02161,42.934267226713814
test_02162,11.749634941666912
test_02163,27.67827798625781
test_02164,22.32929288178414
test_02165,47.78041141818516
test_02166,17.476282248519688
test_02167,12.568342053139371
test_02168,18.70531470059727
test_02169,18.015189376064832
test_02170,24.96815673521276
test_02171,34.661092208315864
test_02172,57.945164541191374
test_02173,70.02864793489205
test_02174,48.864539682056574
test_02175,31.125427683809104
test_02176,46.84834560566218
test_02177,45.52030755511279
test_02178,30.52708451861661
test_02179,47.370667049233944
test_02180,40.302222342919265
test_02181,14.85263552908285
test_02182,77.58012722741117
test_02183,20.253861573581972
test_02184,17.05394700992833
test_02185,36.01315740006761
test_02186,19.783749359601117
test_02187,29.86107299767369
test_02188,43.43287252742784
test_02189,31.6343511323971
test_02190,29.48205365512849
test_02191,26.177905707093643
test_02192,29.85647703231345
test_02193,20.175526194671235
test_02194,18.80952488313682
test_02195,48.28825810450246
test_02196,16.650866970134544
test_02197,22.50789715165883
test_02198,13.335535120047517
test_02199,35.95704092241554
test_02200,22.504310001187886
test_02201,21.434099201517736
test_02202,24.15374626010019
test_02203,61.89518898849763
test_02204,16.172621561668542
test_02205,14.260862728558608
test_02206,29.024848792216837
test_02207,29.395048705788355
test_02208,11.172687287721418
test_02209,19.35749871671449
test_02210,43.95932162538492
test_02211,22.764276975263524
test_02212,25.02133756867592
test_02213,36.21090920720449
test_02214,35.01374256751169
test_02215,44.633664386926725
test_02216,18.097350521539155
test_02217,75.67904165709501
test_02218,54.85322726751141
test_02219,10.630789136332325
test_02220,20.703487768608632
test_02221,38.99294790695689
test_02222,25.59460322502796
test_02223,129.74601254914887
test_02224,22.325411442625335
test_02225,47.19410816957607
test_02226,17.32270080724173
test_02227,13.171178691133843
test_02228,50.546214920327714
test_02229,27.12379064573115
test_02230,36.222512371213
test_02231,25.47370417830981
test_02232,87.37214337890256
test_02233,61.70243239207707
test_02234,23.57817002252774
test_02235,21.547930810126196
test_02236,21.767243781063726
test_02237,23.59029230946773
test_02238,33.76927330423858
test_02239,26.33972388225847
test_02240,14.797877690527008
test_02241,51.27208934058638
test_02242,18.396781505897962
test_02243,16.84555617929388
test_02244,52.96346258932539
test_02245,39.87145985572961
test_02246,20.96535679808796
test_02247,53.11037544311027
test_02248,73.12977941866113
test_02249,22.76050405777623
test_02250,22.214234220417005
test_02251,19.025636854941464
test_02252,24.101962594746603
test_02253,47.419684184874725
test_02254,28.54163578913858
test_02255,37.30023842498655
test_02256,19.20210845543889
test_02257,23.56213499176633
test_02258,23.652520233803415
test_02259,32.16260433286025
test_02260,26.660436637150255
test_02261,39.92492732936902
test_02262,18.98318384908903
test_02263,88.66655310077726
test_02264,83.86030754288817
test_02265,25.89093467157288
test_02266,47.6779849377442
test_02267,47.35588143099058
test_02268,24.881540300657655
test_02269,59.11844962362558
test_02270,18.111353038559265
test_02271,40.82776518336324
test_02272,72.28550302766816
test_02273,44.498245262589876
test_02274,49.41900966369733
test_02275,17.470483145084813
test_02276,29.937967990010662
test_02277,107.33885957362102
test_02278,40.74819982125656
test_02279,23.746196061442852
test_02280,59.747738464510086
test_02281,21.5300254875295
test_02282,18.303449965645544
test_02283,29.106481217970885
test_02284,35.10531344220797
test_02285,14.746141193388898
test_02286,13.055849764685783
test_02287,83.36649120848594
test_02288,22.556680250332136
test_02289,37.497832767194076
test_02290,49.624707033522064
test_02291,13.252831101306732
test_02292,89.3036960628746
test_02293,19.94626062115131
test_02294,15.149068041999382
test_02295,24.114456329917267
test_02296,25.45835206658804
test_02297,15.563286746620367
test_02298,12.841690475190223
test_02299,18.27746925395657
test_02300,28.148502688493927
test_02301,14.231573231528134
test_02302,19.969690790746313
test_02303,19.426882722786882
test_02304,13.10787982846323
test_02305,40.801769471202945
test_02306,21.649348083775244
test_02307,17.672749882758822
test_02308,14.74925725252324
test_02309,25.420898413771543
test_02310,16.543707010260356
test_02311,60.264924795140104
test_02312,35.950566230289226
test_02313,21.28381554490405
test_02314,54.23113592392161
test_02315,45.70869209011002
test_02316,75.07795480800962
test_02317,37.77339658874763
test_02318,43.405318936086445
test_02319,7.195394543490968
test_02320,56.81992626261413
test_02321,42.501849470096346
test_02322,19.781367608092634
test_02323,20.901360452515927
test_02324,71.7579632174257
test_02325,24.39867130221698
test_02326,20.800985638037996
test_02327,27.996497960109174
test_02328,26.110392032750788
test_02329,16.339863433098053
test_02330,39.45613943205073
test_02331,36.928067169939695
test_02332,51.655886895960364
test_02333,20.322602477144038
test_02334,46.78723817762198
test_02335,19.05153643666827
test_02336,19.19357607325627
test_02337,34.595089060097024
test_02338,34.203648028478945
test_02339,26.896497220785648
test_02340,30.495106061996538
test_02341,14.268239017989663
test_02342,57.37999395220872
test_02343,24.009513064131404
test_02344,41.17839916233549
test_02345,26.76918165889562
test_02346,38.21905709364717
test_02347,50.75749696716583
test_02348,35.38940563423943
test_02349,38.385665774454395
test_02350,18.360211741297476
test_02351,55.07455359874257
test_02352,31.374118346444558
test_02353,21.90848554493245
test_02354,27.253303362007177
test_02355,17.812608475926982
test_02356,20.210374713702684
test_02357,23.038420104668514
test_02358,23.951322251798764
test_02359,29.023396270507167
test_02360,22.220813342714315
test_02361,45.87249506272056
test_02362,61.233301562000044
test_02363,31.061431701658364
test_02364,15.427336501750101
test_02365,29.25474706060219
test_02366,26.14215971329506
test_02367,74.0456365413473
test_02368,30.134231455602674
test_02369,20.989878516264582
test_02370,18.669400628845708
test_02371,21.35107431577829
test_02372,25.946722200470013
test_02373,19.417429616925613
test_02374,17.449380342506288
test_02375,19.228807318730432
test_02376,13.979868452304132
test_02377,22.363155727830623
test_02378,23.669382387415475
test_02379,18.464668647054573
test_02380,20.574604907460582
test_02381,36.61505871649153
test_02382,29.28490293059835
test_02383,20.3015132761805
test_02384,26.143546462647706
test_02385,101.03517194556751
test_02386,31.082148604379068
test_02387,20.275967594626017
test_02388,20.91967566129805
test_02389,113.93589817921799
test_02390,37.21048630568185
test_02391,41.02808081887078
test_02392,27.466711665642396
test_02393,41.79279346261696
test_02394,14.698123734137205
test_02395,37.43759929780823
test_02396,31.295171938062964
test_02397,40.341324765985746
test_02398,46.34766504218277
test_02399,19.632843010901492
test_02400,40.48968670241561
test_02401,23.9842038908732
test_02402,33.368102490771435
test_02403,28.268823919979894
test_02404,27.584915669221367
test_02405,88.77630524485885
test_02406,29.259576198357035
test_02407,24.799864172106574
test_02408,19.22416778270179
test_02409,47.751778401761435
test_02410,28.289759395865026
test_02411,27.875161030469545
test_02412,47.36774876230855
test_02413,36.12483613182038
test_02414,84.32980541870614
test_02415,23.17661261712998
test_02416,16.31064465979598
test_02417,44.80845783395562
test_02418,11.29400266135513
test_02419,32.873766095823676
test_02420,18.294590445498027
test_02421,76.57969258359017
test_02422,30.058511015117137
test_02423,17.025072391005228
test_02424,26.38083161177348
test_02425,54.143353267681036
test_02426,14.065191830461387
test_02427,49.306508453958195
test_02428,32.876525430325415
test_02429,28.334652760280015
test_02430,19.150881659619007
test_02431,25.637256378280156
test_02432,20.272318364090907
test_02433,12.827399865236778
test_02434,27.500010068242254
test_02435,59.038559482346486
test_02436,29.489619819715912
test_02437,54.07515830549291
test_02438,14.228068087078492
test_02439,20.056578998805534
test_02440,23.663767850995825
test_02441,26.418746979441856
test_02442,23.607837638355363
test_02443,21.911440682593295
test_02444,28.782924841049567
test_02445,60.51650035119338
test_02446,31.70398020427156
test_02447,16.5410980532941
test_02448,45.73910328062437
test_02449,81.1764976336998
test_02450,21.13385729356119
test_02451,20.46733523019479
test_02452,39.805339711645445
test_02453,16.649502485637186
test_02454,31.500202588034494
test_02455,23.266579610078388
test_02456,15.257115726054632
test_02457,159.77382521523563
test_02458,16.64589875845817
test_02459,22.45312571154406
test_02460,26.079976592746956
test_02461,27.711300694839387
test_02462,26.89438423800957
test_02463,13.519433462934497
test_02464,14.629792468980064
test_02465,41.959345938602574
test_02466,18.83674398971856
test_02467,26.960729289589693
test_02468,23.534761512453066
test_02469,26.31196438890512
test_02470,24.149458398640608
test_02471,21.368424553875577
test_02472,18.00335674008592
test_02473,26.345631530133492
test_02474,18.51841115432386
test_02475,60.64343135109824
test_02476,29.97268204534482
test_02477,41.56578982969893
test_02478,9.396202037289177
test_02479,33.64624477682148
test_02480,26.433587556056366
test_02481,21.46931647668795
test_02482,26.173761779736996
test_02483,14.468412175019363
test_02484,23.74830557381735
test_02485,107.61589724724809
test_02486,44.88709462923688
test_02487,33.85702438588186
test_02488,22.130834780874213
test_02489,17.257296503806145
test_02490,23.263297710988713
test_02491,41.11888552757203
test_02492,17.586552082409703
test_02493,19.774651940282716
test_02494,24.05327590024264
test_02495,45.30568607719188
test_02496,22.393363298872295
test_02497,15.559025825226197
test_02498,24.527650891397464
test_02499,36.9337933131537
test_02500,15.104512484801766
test_02501,47.30487380836142
test_02502,14.229785752386356
test_02503,15.515057657396527
test_02504,27.104482875708456
test_02505,25.753187764091088
test_02506,37.75906352858452
test_02507,25.85231937961748
test_02508,19.862650937093832
test_02509,13.342798511684792
test_02510,18.143732126712035
test_02511,77.11913501063711
test_02512,15.27545050893114
test_02513,36.61816353123518
test_02514,104.13050299739386
test_02515,43.97598126523293
test_02516,20.487972628601685
test_02517,18.410797067909897
test_02518,59.60172785779123
test_02519,32.819923412856106
test_02520,82.11463044956878
test_02521,15.212553928167193
test_02522,33.373750062335986
test_02523,20.374536522117303
test_02524,14.326699765583662
test_02525,79.69122025756455
test_02526,25.495371013343146
test_02527,34.11887557304665
test_02528,54.52173577142161
test_02529,21.083356522423884
test_02530,26.29213305410221
test_02531,24.701657272698565
test_02532,36.76097749199331
test_02533,53.1745452511931
test_02534,15.603490361427667
test_02535,14.00067062414094
test_02536,43.5285975468075
test_02537,37.61385920490786
test_02538,12.04205146635837
test_02539,33.293944304348365
test_02540,25.380126868536816
test_02541,8.852938749884457
test_02542,30.75071485058911
test_02543,28.227061281334002
test_02544,66.60801328978927
test_02545,27.258570233535902
test_02546,18.161599982394854
test_02547,34.82659756320402
test_02548,37.6652705872114
test_02549,13.144741290283067
test_02550,15.894286373846704
test_02551,34.61409333768589
test_02552,16.867321806203456
test_02553,26.22955972330036
test_02554,31.193289919421304
test_02555,44.84550854902187
test_02556,22.425412316600948
test_02557,30.920311063539643
test_02558,12.198380546915214
test_02559,14.187678152848767
test_02560,57.61748196926346
test_02561,22.054335268010178
test_02562,14.465117184153996
test_02563,9.847086483565109
test_02564,18.37821038193288
test_02565,20.67221945737714
test_02566,21.024222293125973
test_02567,7.268683949013962
test_02568,22.6616618988575
test_02569,31.002973635712774
test_02570,12.710808200436857
test_02571,35.64653188727211
test_02572,7.031295321134637
test_02573,18.54209677510613
test_02574,22.498690211032528
test_02575,18.77126766528901
test_02576,17.516724608009433
test_02577,40.85532018123846
test_02578,15.47938782396649
test_02579,21.433529341977987
test_02580,30.939462446700865
test_02581,28.413758160106177
test_02582,22.286998122038298
test_02583,19.191171035109292
test_02584,92.95183888307464
test_02585,16.611931607725275
test_02586,43.73418119927083
test_02587,82.58222174968081
test_02588,19.078745987428192
test_02589,29.03626322905245
test_02590,30.419366483461452
test_02591,15.389385947702475
test_02592,24.14566015924697
test_02593,15.31250196102122
test_02594,40.17789280862077
test_02595,64.17991151761068
test_02596,18.921025720660726
test_02597,60.25593228659591
test_02598,16.662487422992683
test_02599,34.31660156060762
test_02600,19.06198104559584
test_02601,34.98600494048304
test_02602,31.218064254081984
test_02603,37.25735589293631
test_02604,24.88520612943736
test_02605,16.038411058090166
test_02606,53.155708837948964
test_02607,19.58195372225161
test_02608,55.06726548720731
test_02609,34.130656601616316
test_02610,27.241930792924972
test_02611,21.83062419174596
test_02612,75.43402064460903
test_02613,14.719812331225032
test_02614,94.83064863527997
test_02615,12.247769661408125
test_02616,18.136357451444972
test_02617,77.0354299445537
test_02618,14.985923620782241
test_02619,20.87596145195669
test_02620,20.774650424627044
test_02621,31.11432413891297
test_02622,27.267242349675673
test_02623,48.94874055772216
test_02624,70.62286910939464
test_02625,19.44915633953943
test_02626,12.366901620797051
test_02627,86.15511047024157
test_02628,20.933179712754363
test_02629,13.934269223276143
test_02630,41.03953669367808
test_02631,18.28016528726161
test_02632,35.836550790284775
test_02633,17.99371841679171
test_02634,38.524148444710534
test_02635,19.767693649831457
test_02636,16.148195055430023
test_02637,38.73319545636319
test_02638,38.91124992628655
test_02639,14.568596090305935
test_02640,32.03348661225235
test_02641,35.18871326268629
test_02642,25.038768751605517
test_02643,17.363734533055872
test_02644,11.767769083614764
test_02645,25.47389305485276
test_02646,21.673727746956168
test_02647,48.03819464809997
test_02648,31.80753525310807
test_02649,49.45153407837216
test_02650,25.488207752712675
test_02651,30.043517013829025
test_02652,42.43198241643952
test_02653,35.80714713661452
test_02654,20.53492939049347
test_02655,27.49837288087533
test_02656,25.333698255536397
test_02657,17.389152029260984
test_02658,13.90870949205727
test_02659,14.330706809759558
test_02660,25.37961902679897
test_02661,20.766045207254116
test_02662,25.386212227566777
test_02663,62.64975874475374
test_02664,50.64074304869708
test_02665,39.072319933451794
test_02666,24.485780334557063
test_02667,22.45862428202174
test_02668,55.437805133814706
test_02669,44.75288646267302
test_02670,51.114122771511255
