Tanggal,Harga_Prediksi,Komoditas
2026-06-01,35652,Daging Ayam
2026-06-02,35454,Daging Ayam
2026-06-03,35307,Daging Ayam
2026-06-04,35265,Daging Ayam
2026-06-05,35230,Daging Ayam
2026-06-08,35124,Daging Ayam
2026-06-09,35143,Daging Ayam
2026-06-10,35098,Daging Ayam
2026-06-11,35040,Daging Ayam
2026-06-12,35018,Daging Ayam
2026-06-15,35010,Daging Ayam
2026-06-16,35068,Daging Ayam
2026-06-17,34981,Daging Ayam
2026-06-18,34982,Daging Ayam
2026-06-19,34942,Daging Ayam
2026-06-22,34841,Daging Ayam
2026-06-23,34687,Daging Ayam
2026-06-24,34639,Daging Ayam
2026-06-25,34494,Daging Ayam
2026-06-26,34372,Daging Ayam
2026-06-29,34148,Daging Ayam
2026-06-30,33827,Daging Ayam
2026-07-01,33661,Daging Ayam
2026-07-02,33719,Daging Ayam
2026-07-03,33751,Daging Ayam
2026-07-06,33756,Daging Ayam
2026-07-07,33795,Daging Ayam
2026-07-08,33759,Daging Ayam
2026-07-09,33759,Daging Ayam
2026-07-10,33778,Daging Ayam
2026-07-13,33565,Daging Ayam
2026-07-14,33638,Daging Ayam
2026-07-15,33703,Daging Ayam
2026-07-16,33840,Daging Ayam
2026-07-17,33875,Daging Ayam
2026-07-20,33900,Daging Ayam
2026-07-21,33949,Daging Ayam
2026-07-22,33943,Daging Ayam
2026-07-23,33941,Daging Ayam
2026-07-24,33950,Daging Ayam
2026-07-27,33795,Daging Ayam
2026-07-28,33710,Daging Ayam
2026-07-29,33752,Daging Ayam
2026-07-30,33790,Daging Ayam
2026-07-31,33675,Daging Ayam
2026-08-03,33631,Daging Ayam
2026-08-04,33646,Daging Ayam
2026-08-05,33670,Daging Ayam
2026-08-06,33793,Daging Ayam
2026-08-07,33816,Daging Ayam
2026-08-10,33898,Daging Ayam
2026-08-11,33968,Daging Ayam
2026-08-12,33907,Daging Ayam
2026-08-13,33881,Daging Ayam
2026-08-14,33977,Daging Ayam
2026-08-17,33943,Daging Ayam
2026-08-18,33973,Daging Ayam
2026-08-19,33919,Daging Ayam
2026-08-20,33901,Daging Ayam
2026-08-21,33873,Daging Ayam
2026-08-24,33870,Daging Ayam
2026-08-25,33929,Daging Ayam
2026-08-26,33853,Daging Ayam
2026-08-27,33910,Daging Ayam
2026-08-28,33817,Daging Ayam
2026-08-31,33643,Daging Ayam
2026-09-01,33739,Daging Ayam
2026-09-02,33794,Daging Ayam
2026-09-03,33857,Daging Ayam
2026-09-04,34013,Daging Ayam
2026-09-07,33874,Daging Ayam
2026-09-08,33912,Daging Ayam
2026-09-09,33884,Daging Ayam
2026-09-10,33967,Daging Ayam
2026-09-11,33967,Daging Ayam
2026-09-14,33982,Daging Ayam
2026-09-15,33966,Daging Ayam
2026-09-16,33924,Daging Ayam
2026-09-17,33875,Daging Ayam
2026-09-18,33858,Daging Ayam
2026-09-21,33846,Daging Ayam
2026-09-22,33762,Daging Ayam
2026-09-23,33827,Daging Ayam
2026-09-24,33787,Daging Ayam
2026-09-25,33795,Daging Ayam
2026-09-28,33773,Daging Ayam
2026-09-29,33765,Daging Ayam
2026-09-30,33619,Daging Ayam
2026-10-01,33713,Daging Ayam
2026-10-02,33819,Daging Ayam
2026-10-05,33850,Daging Ayam
2026-10-06,33972,Daging Ayam
2026-10-07,34059,Daging Ayam
2026-10-08,34024,Daging Ayam
2026-10-09,33998,Daging Ayam
2026-10-12,33954,Daging Ayam
2026-10-13,34011,Daging Ayam
2026-10-14,33975,Daging Ayam
2026-10-15,33941,Daging Ayam
2026-10-16,33980,Daging Ayam
2026-10-19,33821,Daging Ayam
2026-10-20,33771,Daging Ayam
2026-10-21,33853,Daging Ayam
2026-10-22,34034,Daging Ayam
2026-10-23,34054,Daging Ayam
2026-10-26,34023,Daging Ayam
2026-10-27,33974,Daging Ayam
2026-10-28,33969,Daging Ayam
2026-10-29,33982,Daging Ayam
2026-10-30,34012,Daging Ayam
2026-11-02,33807,Daging Ayam
2026-11-03,33852,Daging Ayam
2026-11-04,33994,Daging Ayam
2026-11-05,33992,Daging Ayam
2026-11-06,33977,Daging Ayam
2026-11-09,33939,Daging Ayam
2026-11-10,34020,Daging Ayam
2026-11-11,34051,Daging Ayam
2026-11-12,33997,Daging Ayam
2026-11-13,33915,Daging Ayam
2026-11-16,33868,Daging Ayam
2026-11-17,33904,Daging Ayam
2026-11-18,33932,Daging Ayam
2026-11-19,33945,Daging Ayam
2026-11-20,33927,Daging Ayam
2026-11-23,33867,Daging Ayam
2026-11-24,33807,Daging Ayam
2026-11-25,33776,Daging Ayam
2026-11-26,33763,Daging Ayam
2026-11-27,33852,Daging Ayam
2026-11-30,33894,Daging Ayam
2026-12-01,33906,Daging Ayam
2026-12-02,33909,Daging Ayam
2026-12-03,33981,Daging Ayam
2026-12-04,34029,Daging Ayam
2026-12-07,33994,Daging Ayam
2026-12-08,33989,Daging Ayam
2026-12-09,33981,Daging Ayam
2026-12-10,33982,Daging Ayam
2026-12-11,33967,Daging Ayam
2026-12-14,33804,Daging Ayam
2026-12-15,33823,Daging Ayam
2026-12-16,33863,Daging Ayam
2026-12-17,34021,Daging Ayam
2026-12-18,34020,Daging Ayam
2026-12-21,33975,Daging Ayam
2026-12-22,34041,Daging Ayam
2026-12-23,34017,Daging Ayam
2026-12-24,34065,Daging Ayam
2026-12-25,34023,Daging Ayam
2026-12-28,33819,Daging Ayam
2026-12-29,33853,Daging Ayam
2026-12-30,33995,Daging Ayam
2026-12-31,33995,Daging Ayam
2027-01-01,34066,Daging Ayam
2027-01-04,33973,Daging Ayam
2027-01-05,33973,Daging Ayam
2027-01-06,33999,Daging Ayam
2027-01-07,33986,Daging Ayam
2027-01-08,33850,Daging Ayam
2027-01-11,33774,Daging Ayam
2027-01-12,33855,Daging Ayam
2027-01-13,34005,Daging Ayam
2027-01-14,33990,Daging Ayam
2027-01-15,34010,Daging Ayam
2027-01-18,33994,Daging Ayam
2027-01-19,34074,Daging Ayam
2027-01-20,34030,Daging Ayam
2027-01-21,34051,Daging Ayam
2027-01-22,33917,Daging Ayam
2027-01-25,33987,Daging Ayam
2027-01-26,33987,Daging Ayam
2027-01-27,33969,Daging Ayam
2027-01-28,33996,Daging Ayam
2027-01-29,34003,Daging Ayam
2027-02-01,33945,Daging Ayam
2027-02-02,33903,Daging Ayam
2027-02-03,33976,Daging Ayam
2027-02-04,33987,Daging Ayam
2027-02-05,33992,Daging Ayam
2027-02-08,34005,Daging Ayam
2027-02-09,34005,Daging Ayam
2027-02-10,34047,Daging Ayam
2027-02-11,34079,Daging Ayam
2027-02-12,34125,Daging Ayam
2027-02-15,34223,Daging Ayam
2027-02-16,34320,Daging Ayam
2027-02-17,34391,Daging Ayam
2027-02-18,34436,Daging Ayam
2027-02-19,34395,Daging Ayam
2027-02-22,34389,Daging Ayam
2027-02-23,34372,Daging Ayam
2027-02-24,34409,Daging Ayam
2027-02-25,34512,Daging Ayam
2027-02-26,34627,Daging Ayam
2027-03-01,34795,Daging Ayam
2027-03-02,34882,Daging Ayam
2027-03-03,34934,Daging Ayam
2027-03-04,35023,Daging Ayam
2027-03-05,35182,Daging Ayam
2027-03-08,35382,Daging Ayam
2027-03-09,35480,Daging Ayam
2027-03-10,35536,Daging Ayam
2027-03-11,35649,Daging Ayam
2027-03-12,35745,Daging Ayam
2027-03-15,35856,Daging Ayam
2027-03-16,36136,Daging Ayam
2027-03-17,36157,Daging Ayam
2027-03-18,36239,Daging Ayam
2027-03-19,36319,Daging Ayam
2027-03-22,36229,Daging Ayam
2027-03-23,36161,Daging Ayam
2027-03-24,36172,Daging Ayam
2027-03-25,36159,Daging Ayam
2027-03-26,36145,Daging Ayam
2027-03-29,35943,Daging Ayam
2027-03-30,35794,Daging Ayam
2027-03-31,35594,Daging Ayam
2027-04-01,35459,Daging Ayam
2027-04-02,35407,Daging Ayam
2027-04-05,35321,Daging Ayam
2027-04-06,35376,Daging Ayam
2027-04-07,35287,Daging Ayam
2027-04-08,35282,Daging Ayam
2027-04-09,35280,Daging Ayam
2027-04-12,35269,Daging Ayam
2027-04-13,35281,Daging Ayam
2027-04-14,35196,Daging Ayam
2027-04-15,35122,Daging Ayam
2027-04-16,35061,Daging Ayam
2027-04-19,35042,Daging Ayam
2027-04-20,34992,Daging Ayam
2027-04-21,35022,Daging Ayam
2027-04-22,35026,Daging Ayam
2027-04-23,34942,Daging Ayam
2027-04-26,35121,Daging Ayam
2027-04-27,35212,Daging Ayam
2027-04-28,35367,Daging Ayam
2027-04-29,35594,Daging Ayam
2027-04-30,35711,Daging Ayam
2027-05-03,35992,Daging Ayam
2027-05-04,36202,Daging Ayam
2027-05-05,36268,Daging Ayam
2027-05-06,36314,Daging Ayam
2027-05-07,36224,Daging Ayam
2027-05-10,36212,Daging Ayam
2027-05-11,36222,Daging Ayam
2027-05-12,36210,Daging Ayam
2027-05-13,36161,Daging Ayam
2027-05-14,36207,Daging Ayam
2027-05-17,36050,Daging Ayam
2027-05-18,35870,Daging Ayam
2027-05-19,35780,Daging Ayam
2027-05-20,35615,Daging Ayam
2027-05-21,35471,Daging Ayam
2027-05-24,35356,Daging Ayam
2027-05-25,35339,Daging Ayam
2027-05-26,35315,Daging Ayam
2027-05-27,35315,Daging Ayam
2027-05-28,35335,Daging Ayam
2027-05-31,35284,Daging Ayam
2027-06-01,35251,Daging Ayam
2027-06-02,35198,Daging Ayam
2027-06-03,35120,Daging Ayam
2027-06-04,35118,Daging Ayam
2027-06-07,35101,Daging Ayam
2027-06-08,35098,Daging Ayam
2027-06-09,35072,Daging Ayam
2027-06-10,35018,Daging Ayam
2027-06-11,34978,Daging Ayam
2027-06-14,34939,Daging Ayam
2027-06-15,34861,Daging Ayam
2027-06-16,34802,Daging Ayam
2027-06-17,34718,Daging Ayam
2027-06-18,34633,Daging Ayam
2027-06-21,34484,Daging Ayam
2027-06-22,34391,Daging Ayam
2027-06-23,34253,Daging Ayam
2027-06-24,34238,Daging Ayam
2027-06-25,34170,Daging Ayam
2027-06-28,34117,Daging Ayam
2027-06-29,34029,Daging Ayam
2027-06-30,33910,Daging Ayam
2027-07-01,33943,Daging Ayam
2027-07-02,34008,Daging Ayam
2027-07-05,33891,Daging Ayam
2027-07-06,33956,Daging Ayam
2027-07-07,34008,Daging Ayam
2027-07-08,33991,Daging Ayam
2027-07-09,33984,Daging Ayam
2027-07-12,33831,Daging Ayam
2027-07-13,33767,Daging Ayam
2027-07-14,33793,Daging Ayam
2027-07-15,33832,Daging Ayam
2027-07-16,33833,Daging Ayam
2027-07-19,33730,Daging Ayam
2027-07-20,33778,Daging Ayam
2027-07-21,33740,Daging Ayam
2027-07-22,33751,Daging Ayam
2027-07-23,33822,Daging Ayam
2027-07-26,33628,Daging Ayam
2027-07-27,33608,Daging Ayam
2027-07-28,33708,Daging Ayam
2027-07-29,33793,Daging Ayam
2027-07-30,33853,Daging Ayam
2027-08-02,34026,Daging Ayam
2027-08-03,33926,Daging Ayam
2027-08-04,33843,Daging Ayam
2027-08-05,33714,Daging Ayam
2027-08-06,33776,Daging Ayam
2027-08-09,33820,Daging Ayam
2027-08-10,33877,Daging Ayam
2027-08-11,33952,Daging Ayam
2027-08-12,33996,Daging Ayam
2027-08-13,34029,Daging Ayam
2027-08-16,33923,Daging Ayam
2027-08-17,34036,Daging Ayam
2027-08-18,34041,Daging Ayam
2027-08-19,33996,Daging Ayam
2027-08-20,33956,Daging Ayam
2027-08-23,33912,Daging Ayam
2027-08-24,33937,Daging Ayam
2027-08-25,33923,Daging Ayam
2027-08-26,33934,Daging Ayam
2027-08-27,33951,Daging Ayam
2027-08-30,33715,Daging Ayam
2027-08-31,33724,Daging Ayam
2027-09-01,33729,Daging Ayam
2027-09-02,33750,Daging Ayam
2027-09-03,33795,Daging Ayam
2027-09-06,33820,Daging Ayam
2027-09-07,33872,Daging Ayam
2027-09-08,33975,Daging Ayam
2027-09-09,34000,Daging Ayam
2027-09-10,33951,Daging Ayam
2027-09-13,33981,Daging Ayam
2027-09-14,34034,Daging Ayam
2027-09-15,34012,Daging Ayam
2027-09-16,33918,Daging Ayam
2027-09-17,33865,Daging Ayam
2027-09-20,33850,Daging Ayam
2027-09-21,33769,Daging Ayam
2027-09-22,33816,Daging Ayam
2027-09-23,33848,Daging Ayam
2027-09-24,33876,Daging Ayam
2027-09-27,33919,Daging Ayam
2027-09-28,34006,Daging Ayam
2027-09-29,34048,Daging Ayam
2027-09-30,33888,Daging Ayam
2027-10-01,34032,Daging Ayam
2027-10-04,34028,Daging Ayam
2027-10-05,34073,Daging Ayam
2027-10-06,34060,Daging Ayam
2027-10-07,34116,Daging Ayam
2027-10-08,34127,Daging Ayam
2027-10-11,34088,Daging Ayam
2027-10-12,34029,Daging Ayam
2027-10-13,33910,Daging Ayam
2027-10-14,33945,Daging Ayam
2027-10-15,33984,Daging Ayam
2027-10-18,33976,Daging Ayam
2027-10-19,34065,Daging Ayam
2027-10-20,34000,Daging Ayam
2027-10-21,34002,Daging Ayam
2027-10-22,33969,Daging Ayam
