Id,SalePrice
1461.0,128530.19333333333
1462.0,152637.71666666667
1463.0,180620.32666666666
1464.0,183405.59
1465.0,196866.02
1466.0,183548.36333333334
1467.0,168430.23
1468.0,176834.93666666668
1469.0,181703.99333333335
1470.0,119480.03
1471.0,196508.02
1472.0,95708.33333333333
1473.0,99085.45
1474.0,154604.33333333334
1475.0,143443.59666666668
1476.0,405308.63666666666
1477.0,255800.51666666666
1478.0,305349.24666666664
1479.0,242832.03
1480.0,455622.56666666665
1481.0,311238.29333333333
1482.0,206975.39666666667
1483.0,178229.63666666666
1484.0,177718.45333333334
1485.0,172001.66666666666
1486.0,196833.02333333335
1487.0,329340.9166666667
1488.0,239692.47
1489.0,214559.82
1490.0,200206.43666666668
1491.0,190618.02
1492.0,98235.09
1493.0,171263.31666666668
1494.0,295913.0233333333
1495.0,299543.62666666665
1496.0,225899.75666666665
1497.0,193362.88
1498.0,153928.64333333334
1499.0,153342.86
1500.0,151367.33333333334
1501.0,174012.24666666667
1502.0,168321.05333333334
1503.0,300775.0
1504.0,231744.51
1505.0,215961.5
1506.0,185874.99
1507.0,218580.06
1508.0,200699.14666666667
1509.0,163954.34333333332
1510.0,149333.83
1511.0,150001.61333333334
1512.0,171398.52666666667
1513.0,148124.94666666666
1514.0,162035.96666666667
1515.0,183234.64333333334
1516.0,160891.21333333335
1517.0,152242.96333333335
1518.0,129278.59
1519.0,225174.09333333332
1520.0,136083.58333333334
1521.0,144366.83333333334
1522.0,162969.16666666666
1523.0,114479.82666666666
1524.0,122265.85666666667
1525.0,126468.23666666666
1526.0,127741.16666666667
1527.0,102299.03333333334
1528.0,127969.80333333333
1529.0,142974.61333333334
1530.0,166058.72
1531.0,128530.87666666666
1532.0,107857.35
1533.0,149849.66666666666
1534.0,116870.58
1535.0,157514.41333333333
1536.0,116017.98
1537.0,76174.73666666666
1538.0,188131.92666666667
1539.0,241599.69
1540.0,113399.13333333333
1541.0,152222.29333333333
1542.0,144410.37
1543.0,216589.23666666666
1544.0,79951.81666666667
1545.0,105202.75666666667
1546.0,122733.43333333333
1547.0,140786.5
1548.0,137108.10666666666
1549.0,114307.41666666667
1550.0,143755.55333333334
1551.0,117612.78
1552.0,150018.53333333333
1553.0,145337.06
1554.0,114452.13
1555.0,167969.0
1556.0,100663.11
1557.0,128587.33
1558.0,95928.52
1559.0,116901.08666666667
1560.0,151244.79333333333
1561.0,155768.87333333332
1562.0,128821.94666666667
1563.0,124861.92333333334
1564.0,164113.34666666668
1565.0,156932.01
1566.0,216879.5
1567.0,80937.65666666666
1568.0,225424.16
1569.0,149756.54333333333
1570.0,126258.17
1571.0,135508.26333333334
1572.0,146288.16666666666
1573.0,236610.26
1574.0,114660.6
1575.0,213222.14
1576.0,214846.65666666668
1577.0,210014.72666666665
1578.0,152956.44666666666
1579.0,143203.42333333334
1580.0,189769.97
1581.0,139130.02666666667
1582.0,130625.66666666667
1583.0,328493.32666666666
1584.0,242626.94666666666
1585.0,141533.66666666666
1586.0,74227.49333333333
1587.0,104578.10333333333
1588.0,151099.99
1589.0,102065.35333333333
1590.0,132619.61333333334
1591.0,108086.56
1592.0,127084.81666666667
1593.0,118847.99
1594.0,143151.02333333335
1595.0,121911.60666666667
1596.0,233518.0
1597.0,162954.86
1598.0,182517.52
1599.0,218110.23333333334
1600.0,193222.61666666667
1601.0,83065.92333333334
1602.0,116796.22
1603.0,97445.77333333333
1604.0,279501.70666666667
1605.0,250955.50333333333
1606.0,165435.89666666667
1607.0,160849.84666666668
1608.0,217059.76666666666
1609.0,204356.76
1610.0,162981.0
1611.0,149372.93
1612.0,162225.11333333334
1613.0,164235.55666666667
1614.0,120952.00333333333
1615.0,84992.0
1616.0,81821.5
1617.0,87335.16666666667
1618.0,127381.55333333333
1619.0,133566.5
1620.0,146817.64
1621.0,137102.76666666666
1622.0,156073.55666666667
1623.0,294246.8333333333
1624.0,215435.21333333335
1625.0,132274.03
1626.0,174359.08333333334
1627.0,188650.89
1628.0,282295.77
1629.0,175043.23333333334
1630.0,342271.94
1631.0,226614.99666666667
1632.0,249494.32333333333
1633.0,170478.24333333335
1634.0,180229.0
1635.0,180235.49333333335
1636.0,159584.64666666667
1637.0,177134.95333333334
1638.0,215192.65
1639.0,180080.83333333334
1640.0,248603.99333333335
1641.0,184966.50666666665
1642.0,218309.03666666665
1643.0,224312.3
1644.0,223330.30333333334
1645.0,178401.94333333333
1646.0,150903.81
1647.0,165663.68666666668
1648.0,141716.62333333332
1649.0,138108.5
1650.0,122968.16666666667
1651.0,124542.35666666667
1652.0,92846.0
1653.0,98673.37333333334
1654.0,157939.13333333333
1655.0,158644.31
1656.0,151179.5
1657.0,153946.86
1658.0,155502.31333333332
1659.0,142178.61666666667
1660.0,144898.65
1661.0,443399.05
1662.0,393203.2266666667
1663.0,370941.7833333333
1664.0,458538.7
1665.0,312860.76
1666.0,328833.50333333336
1667.0,356788.74
1668.0,324628.42
1669.0,301652.79
1670.0,330166.45666666667
1671.0,262644.1566666667
1672.0,462153.9033333333
1673.0,301356.7233333333
1674.0,253448.23333333334
1675.0,186702.66666666666
1676.0,190298.37666666668
1677.0,215042.14333333334
1678.0,458472.55666666664
1679.0,375013.94333333336
1680.0,319731.91333333333
1681.0,267488.3
1682.0,302451.45666666667
1683.0,189813.26
1684.0,171095.2
1685.0,174827.72333333333
1686.0,168135.62666666668
1687.0,168440.71666666667
1688.0,185092.86
1689.0,188720.44333333333
1690.0,182872.55
1691.0,174332.06666666668
1692.0,269026.2966666667
1693.0,170691.12666666668
1694.0,183754.44
1695.0,170529.35333333333
1696.0,265946.63333333336
1697.0,170683.88333333333
1698.0,348852.7866666667
1699.0,321494.44333333336
1700.0,242127.22
1701.0,261184.52666666667
1702.0,256133.48666666666
1703.0,251408.66
1704.0,292917.41
1705.0,236428.05333333334
1706.0,446813.7633333333
1707.0,223745.90666666668
1708.0,221435.24666666667
1709.0,279827.88
1710.0,226935.25333333333
1711.0,264160.26666666666
1712.0,232858.96666666667
1713.0,246081.21333333335
1714.0,225588.44
1715.0,198839.58666666667
1716.0,179198.86333333334
1717.0,166889.61666666667
1718.0,142795.79666666666
1719.0,204378.43
1720.0,254297.61666666667
1721.0,166720.32
1722.0,132876.38333333333
1723.0,155103.66
1724.0,217630.47333333333
1725.0,229544.22333333333
1726.0,187436.58
1727.0,172582.33666666667
1728.0,186903.92333333334
1729.0,165556.27
1730.0,163157.37333333332
1731.0,120650.97
1732.0,133611.07
1733.0,126744.43666666666
1734.0,131764.66666666666
1735.0,132940.16666666666
1736.0,116193.38
1737.0,363997.7033333333
1738.0,216830.2
1739.0,271493.36
1740.0,188821.37666666668
1741.0,178230.40666666668
1742.0,171824.64
1743.0,174294.09
1744.0,317648.5833333333
1745.0,241131.37666666668
1746.0,268954.5133333333
1747.0,219005.74
1748.0,207782.13333333333
1749.0,159546.32
1750.0,148202.54333333333
1751.0,230724.21
1752.0,123722.66666666667
1753.0,140904.96666666667
1754.0,219569.61666666667
1755.0,164656.10333333333
1756.0,122881.33
1757.0,120644.52333333333
1758.0,145679.49333333335
1759.0,170287.79
1760.0,159824.39666666667
1761.0,151448.31666666668
1762.0,177543.01333333334
1763.0,169557.47666666665
1764.0,117600.67
1765.0,168930.54
1766.0,170743.85333333333
1767.0,199072.87
1768.0,138874.33333333334
1769.0,164726.69666666666
1770.0,139588.25
1771.0,137870.69333333333
1772.0,140731.02666666667
1773.0,138931.28
1774.0,131442.01333333334
1775.0,131570.7
1776.0,120194.54
1777.0,119589.04333333333
1778.0,129810.83333333333
1779.0,118509.48666666666
1780.0,178072.27
1781.0,132414.21666666667
1782.0,99988.14
1783.0,131102.65333333332
1784.0,95536.52
1785.0,115603.87
1786.0,153009.42333333334
1787.0,166565.41
1788.0,63958.176666666666
1789.0,95905.88666666667
1790.0,90474.85333333333
1791.0,179038.91666666666
1792.0,153531.58333333334
1793.0,136924.51666666666
1794.0,142078.50666666665
1795.0,137737.53
1796.0,122689.19666666667
1797.0,113078.06333333334
1798.0,124806.27
1799.0,116028.99333333333
1800.0,127075.03333333334
1801.0,130775.09666666666
1802.0,152118.01
1803.0,146953.15
1804.0,141855.44666666666
1805.0,132784.91666666666
1806.0,114750.41333333333
1807.0,150179.01
1808.0,121499.19333333333
1809.0,129188.94
1810.0,146582.82666666666
1811.0,116063.57333333333
1812.0,116006.77
1813.0,122166.69666666667
1814.0,102014.14333333333
1815.0,64094.43666666667
1816.0,102750.05666666667
1817.0,123629.54
1818.0,134170.95
1819.0,116332.03333333334
1820.0,81090.54666666666
1821.0,122273.38
1822.0,149532.78333333333
1823.0,62799.206666666665
1824.0,137264.96666666667
1825.0,137783.21
1826.0,104903.59666666666
1827.0,109337.89333333333
1828.0,139633.00666666665
1829.0,113707.26333333334
1830.0,144124.78
1831.0,168673.33333333334
1832.0,111361.20666666667
1833.0,148621.62333333332
1834.0,134711.76666666666
1835.0,176747.99666666667
1836.0,126364.88
1837.0,106419.67333333334
1838.0,137411.22666666665
1839.0,85960.51333333334
1840.0,166304.61
1841.0,151483.58
1842.0,92382.95333333334
1843.0,139701.22333333333
1844.0,137003.58333333334
1845.0,143554.80666666667
1846.0,149163.41666666666
1847.0,148382.82333333333
1848.0,66579.92666666667
1849.0,116328.50333333333
1850.0,128253.83
1851.0,151750.07666666666
1852.0,127004.41666666667
1853.0,133887.28666666665
1854.0,172983.54666666666
1855.0,142358.87666666668
1856.0,221815.78333333333
1857.0,164183.62333333332
1858.0,138431.46333333335
1859.0,121083.84333333334
1860.0,153912.08333333334
1861.0,121112.77
1862.0,267186.7233333333
1863.0,263950.74666666664
1864.0,263950.74666666664
1865.0,329099.94333333336
1866.0,327341.8566666667
1867.0,244687.06666666668
1868.0,302060.32666666666
1869.0,193777.87666666668
1870.0,251974.95666666667
1871.0,258395.05333333334
1872.0,171825.83333333334
1873.0,226053.48333333334
1874.0,138417.58333333334
1875.0,204736.07333333333
1876.0,193026.86666666667
1877.0,210043.24666666667
1878.0,209108.69
1879.0,133012.2
1880.0,136762.8
1881.0,238162.01
1882.0,258708.03
1883.0,198635.37666666668
1884.0,221654.89666666667
1885.0,262323.80666666664
1886.0,300611.2133333333
1887.0,203397.72
1888.0,279642.72
1889.0,165692.78333333333
1890.0,136264.81666666668
1891.0,142789.87666666668
1892.0,113157.02666666667
1893.0,136168.27333333335
1894.0,127628.14666666667
1895.0,149063.04666666666
1896.0,122898.88666666667
1897.0,117754.97
1898.0,106282.49666666667
1899.0,130813.26
1900.0,149413.31333333332
1901.0,162481.71333333335
1902.0,132919.50333333333
1903.0,219702.22
1904.0,134249.56333333332
1905.0,177380.18666666668
1906.0,155230.08
1907.0,198543.46666666667
1908.0,116438.56
1909.0,136134.49333333335
1910.0,125642.50333333333
1911.0,192159.74666666667
1912.0,266308.29
1913.0,148153.16333333333
1914.0,65901.96666666666
1915.0,331609.17333333334
1916.0,72904.27
1917.0,259221.16333333333
1918.0,137119.47666666665
1919.0,155917.62333333332
1920.0,150135.83
1921.0,405883.99333333335
1922.0,326458.96
1923.0,206138.08
1924.0,239273.09
1925.0,225518.61666666667
1926.0,378127.0933333333
1927.0,138314.71
1928.0,161427.89666666667
1929.0,125465.69
1930.0,128852.36
1931.0,139877.9
1932.0,134179.44
1933.0,172111.74
1934.0,182286.82666666666
1935.0,176499.44333333333
1936.0,189809.55
1937.0,180846.36333333334
1938.0,167026.12666666668
1939.0,249483.18666666668
1940.0,197131.05333333334
1941.0,177119.39
1942.0,192644.32333333333
1943.0,196267.89666666667
1944.0,311393.3933333333
1945.0,366876.23
1946.0,157206.18333333332
1947.0,305255.56333333335
1948.0,167630.06333333332
1949.0,246898.06
1950.0,178251.64666666667
1951.0,268945.3933333333
1952.0,243145.32
1953.0,164606.64
1954.0,206973.48333333334
1955.0,128989.29666666666
1956.0,278628.95
1957.0,159274.69333333333
1958.0,309110.14666666667
1959.0,139121.51
1960.0,115716.50333333333
1961.0,120666.37333333334
1962.0,95402.33333333333
1963.0,105729.44333333333
1964.0,112110.57
1965.0,155441.23333333334
1966.0,157161.73333333334
1967.0,295270.2833333333
1968.0,394451.17333333334
1969.0,377463.64666666667
1970.0,423677.01
1971.0,422804.49
1972.0,358071.44333333336
1973.0,273404.68333333335
1974.0,314342.62333333335
1975.0,461371.5933333333
1976.0,275725.94333333336
1977.0,351253.58666666667
1978.0,354054.86333333334
1979.0,328828.34
1980.0,193839.96333333335
1981.0,338291.0133333333
1982.0,235433.59
1983.0,221031.54666666666
1984.0,168719.13
1985.0,209084.09333333332
1986.0,210217.26
1987.0,184576.28666666665
1988.0,178868.61666666667
1989.0,185921.79666666666
1990.0,219125.34666666668
1991.0,218147.46
1992.0,214819.18666666668
1993.0,172367.56
1994.0,244795.04
1995.0,182166.24666666667
1996.0,256660.96666666667
1997.0,329105.69
1998.0,345196.75666666665
1999.0,255302.54
2000.0,300254.49333333335
2001.0,265658.1533333333
2002.0,232283.77333333335
2003.0,255140.74
2004.0,264028.1666666667
2005.0,232281.29666666666
2006.0,223985.59
2007.0,246819.43
2008.0,214644.47666666665
2009.0,192500.71666666667
2010.0,189912.67666666667
2011.0,151605.81333333332
2012.0,179712.66333333333
2013.0,182253.60666666666
2014.0,188747.77
2015.0,196197.06
2016.0,193950.74
2017.0,204843.65666666668
2018.0,124630.16666666667
2019.0,134351.28
2020.0,120384.23333333334
2021.0,117708.33
2022.0,176981.65666666668
2023.0,151398.64333333334
2024.0,221066.44
2025.0,380739.0833333333
2026.0,185735.52
2027.0,148124.42
2028.0,155258.07
2029.0,167841.3
2030.0,281142.82666666666
2031.0,260578.38666666666
2032.0,278824.64666666667
2033.0,274902.44666666666
2034.0,164817.60666666666
2035.0,204465.96666666667
2036.0,189792.43333333332
2037.0,198350.06333333332
2038.0,332962.8433333333
2039.0,210341.66
2040.0,394846.50666666665
2041.0,286414.69333333336
2042.0,205739.69333333333
2043.0,171122.96666666667
2044.0,172083.32666666666
2045.0,231211.19666666666
2046.0,135426.68
2047.0,153017.20666666667
2048.0,131638.82333333333
2049.0,132969.65
2050.0,173126.28333333333
2051.0,107517.10666666667
2052.0,131985.17666666667
2053.0,143042.27333333335
2054.0,87174.95666666667
2055.0,161319.62
2056.0,130120.03
2057.0,126812.79666666666
2058.0,214371.34333333332
2059.0,128128.99
2060.0,164485.61333333334
2061.0,172933.1
2062.0,136304.0
2063.0,115104.50333333333
2064.0,138584.19666666666
2065.0,122012.33333333333
2066.0,173496.14666666667
2067.0,134438.73333333334
2068.0,134995.71333333335
2069.0,86174.75333333333
2070.0,111206.03333333334
2071.0,96135.65333333334
2072.0,136493.67333333334
2073.0,135590.08666666667
2074.0,182175.30666666667
2075.0,147148.95666666667
2076.0,124368.62
2077.0,149607.41666666666
2078.0,128522.83666666667
2079.0,130130.04333333333
2080.0,117359.92333333334
2081.0,121938.25
2082.0,128711.65
2083.0,148034.69666666666
2084.0,113155.02333333333
2085.0,130410.66333333333
2086.0,112209.25
2087.0,122219.3
2088.0,107456.15333333334
2089.0,95529.16
2090.0,133945.15
2091.0,128047.67666666667
2092.0,134920.01333333334
2093.0,137921.69
2094.0,141165.02
2095.0,150480.57666666666
2096.0,89974.46666666666
2097.0,100428.25333333333
2098.0,149424.89333333334
2099.0,66081.75666666667
2100.0,111632.98666666666
2101.0,123515.54666666666
2102.0,146271.54333333333
2103.0,105281.77
2104.0,132639.57666666666
2105.0,129295.43666666666
2106.0,79993.50666666667
2107.0,245927.03333333333
2108.0,118451.96666666666
2109.0,112432.28
2110.0,124083.63333333333
2111.0,157423.73
2112.0,137322.05
2113.0,119901.01333333334
2114.0,109145.45333333334
2115.0,147980.71
2116.0,113353.32333333333
2117.0,144566.07
2118.0,119454.12666666666
2119.0,109232.97333333333
2120.0,113362.12
2121.0,111623.55666666667
2122.0,105485.74
2123.0,93271.37333333334
2124.0,189997.84333333332
2125.0,133827.59
2126.0,155160.25333333333
2127.0,149525.37666666668
2128.0,134364.39
2129.0,105411.81
2130.0,144687.67333333334
2131.0,160733.88
2132.0,116859.84
2133.0,116146.25333333333
2134.0,118172.69333333333
2135.0,106542.31666666667
2136.0,82238.13666666667
2137.0,115307.04666666666
2138.0,136297.26666666666
2139.0,149755.3
2140.0,136392.08333333334
2141.0,138227.99
2142.0,134335.13666666666
2143.0,142074.09
2144.0,117012.85666666667
2145.0,135258.0
2146.0,150981.78333333333
2147.0,159300.96666666667
2148.0,124865.68333333333
2149.0,134841.16666666666
2150.0,231653.88666666666
2151.0,135298.90333333332
2152.0,169189.61333333334
2153.0,159046.91666666666
2154.0,110075.5
2155.0,128476.49666666667
2156.0,220890.16
2157.0,239252.83333333334
2158.0,236573.9
2159.0,216342.03333333333
2160.0,171217.42666666667
2161.0,252378.19
2162.0,440550.9733333333
2163.0,337353.7233333333
2164.0,259857.30333333334
2165.0,175310.47333333333
2166.0,144414.29
2167.0,208035.14
2168.0,213364.78
2169.0,192676.71666666667
2170.0,219343.35333333333
2171.0,141869.23
2172.0,137858.78
2173.0,158638.42333333334
2174.0,245119.32333333333
2175.0,314668.7266666667
2176.0,322225.88
2177.0,258268.79666666666
2178.0,223867.3
2179.0,147815.00666666665
2180.0,190020.92333333334
2181.0,192072.33333333334
2182.0,229414.50333333333
2183.0,195482.19666666666
2184.0,132923.68333333332
2185.0,131732.78333333333
2186.0,144573.15333333332
2187.0,145718.49666666667
2188.0,155699.61666666667
2189.0,181241.68333333332
2190.0,83640.04333333333
2191.0,89009.54666666666
2192.0,92285.67666666667
2193.0,98839.58333333333
2194.0,101959.41666666667
2195.0,114959.24333333333
2196.0,107884.46333333333
2197.0,111428.21666666666
2198.0,157398.28666666665
2199.0,161435.36333333334
2200.0,130501.83
2201.0,134715.20666666667
2202.0,195009.2
2203.0,155915.84
2204.0,173667.83666666667
2205.0,119286.32
2206.0,132465.04666666666
2207.0,236454.56666666668
2208.0,229957.96666666667
2209.0,184884.24
2210.0,124630.11666666667
2211.0,116170.11333333333
2212.0,113950.83333333333
2213.0,105171.14666666667
2214.0,146441.42
2215.0,104360.90666666666
2216.0,150940.31333333332
2217.0,69230.88333333333
2218.0,91219.4
2219.0,74273.73
2220.0,83458.91666666667
2221.0,331396.32666666666
2222.0,253896.73333333334
2223.0,264518.36666666664
2224.0,215170.41333333333
2225.0,135669.33
2226.0,177198.98333333334
2227.0,196695.43666666668
2228.0,282683.59
2229.0,237883.50666666665
2230.0,163059.69666666666
2231.0,213010.44333333333
2232.0,174847.78333333333
2233.0,171590.64
2234.0,256117.66
2235.0,200040.47666666665
2236.0,271509.2033333333
2237.0,348868.92
2238.0,203925.65
2239.0,122381.32333333333
2240.0,165714.49666666667
2241.0,150530.59666666668
2242.0,137235.60333333333
2243.0,140296.14333333334
2244.0,95788.23666666666
2245.0,94011.33333333333
2246.0,143395.09
2247.0,102020.72666666667
2248.0,124620.00333333333
2249.0,126496.33333333333
2250.0,138144.2
2251.0,123111.78
2252.0,174117.08
2253.0,156961.27666666667
2254.0,178651.25333333333
2255.0,191189.0
2256.0,180886.50666666665
2257.0,197275.83333333334
2258.0,174671.79
2259.0,178911.26666666666
2260.0,150297.87333333332
2261.0,190485.51
2262.0,206011.65333333332
2263.0,327727.04
2264.0,422428.27
2265.0,169212.24333333335
2266.0,292228.99333333335
2267.0,357704.79333333333
2268.0,369742.33
2269.0,162060.76
2270.0,182472.05666666667
2271.0,249687.01
2272.0,204604.34333333332
2273.0,163519.26666666666
2274.0,171070.63666666666
2275.0,164392.44333333333
2276.0,169745.73333333334
2277.0,182798.08666666667
2278.0,156240.58
2279.0,121714.11
2280.0,118391.20666666667
2281.0,177606.87333333332
2282.0,174672.71
2283.0,96752.66666666667
2284.0,110904.12
2285.0,150198.72666666665
2286.0,128735.75333333333
2287.0,337722.94333333336
2288.0,270419.68666666665
2289.0,375230.10333333333
2290.0,421062.43333333335
2291.0,312102.33666666667
2292.0,396884.43333333335
2293.0,455088.05
2294.0,390191.9666666667
2295.0,433602.9866666667
2296.0,278677.87333333335
2297.0,309424.08666666667
2298.0,316486.05333333334
2299.0,368783.9
2300.0,317005.1566666667
2301.0,279468.94666666666
2302.0,231442.88333333333
2303.0,244707.32
2304.0,247992.67333333334
2305.0,184110.72666666665
2306.0,185081.87
2307.0,187100.36666666667
2308.0,220079.44666666666
2309.0,284964.2633333333
2310.0,226061.13333333333
2311.0,193996.08
2312.0,170185.54333333333
2313.0,176160.35666666666
2314.0,173982.17
2315.0,172851.37333333332
2316.0,178812.33666666667
2317.0,180428.79333333333
2318.0,172888.80333333334
2319.0,174910.34333333332
2320.0,182123.35333333333
2321.0,254555.79666666666
2322.0,168235.71666666667
2323.0,182045.11333333334
2324.0,167916.52333333335
2325.0,221220.64333333334
2326.0,167032.39333333334
2327.0,210886.24666666667
2328.0,218908.70333333334
2329.0,182067.50666666665
2330.0,178725.11333333334
2331.0,350763.2
2332.0,409491.06666666665
2333.0,313117.36
2334.0,258278.38
2335.0,259430.34666666668
2336.0,334231.4
2337.0,200216.15333333332
2338.0,280803.8233333333
2339.0,232185.43
2340.0,377508.05666666664
2341.0,218632.70333333334
2342.0,241731.07333333333
2343.0,219086.08333333334
2344.0,235312.64
2345.0,244997.09333333332
2346.0,218247.5
2347.0,198818.72
2348.0,227860.67666666667
2349.0,152520.14333333334
2350.0,282387.34
2351.0,263784.4633333333
2352.0,244552.33666666667
2353.0,205678.85
2354.0,130750.12666666666
2355.0,158272.93333333332
2356.0,150986.90666666668
2357.0,200635.49
2358.0,197569.63
2359.0,124648.89666666667
2360.0,122980.76333333334
2361.0,138953.8
2362.0,263646.35
2363.0,139835.53
2364.0,146422.07666666666
2365.0,221336.16333333333
2366.0,194233.00333333333
2367.0,222953.42333333334
2368.0,205547.62333333332
2369.0,223044.13
2370.0,167302.96666666667
2371.0,169161.19666666666
2372.0,175392.91333333333
2373.0,263679.4866666667
2374.0,296045.55
2375.0,238410.58333333334
2376.0,270104.7366666667
2377.0,345951.72
2378.0,133335.41333333333
2379.0,203410.87333333332
2380.0,143274.81
2381.0,160856.68333333332
2382.0,183370.56
2383.0,215070.63333333333
2384.0,241376.01
2385.0,148113.13333333333
2386.0,139079.58333333334
2387.0,133409.41
2388.0,100137.23666666666
2389.0,126656.78666666667
2390.0,135166.91333333333
2391.0,134985.71
2392.0,114768.38
2393.0,164190.48333333334
2394.0,145742.41666666666
2395.0,194200.35
2396.0,150088.62666666668
2397.0,200861.78333333333
2398.0,126338.51666666666
2399.0,63491.57
2400.0,61473.513333333336
2401.0,117484.17
2402.0,136276.58333333334
2403.0,132543.84
2404.0,143241.77666666667
2405.0,158918.91666666666
2406.0,136361.0
2407.0,129204.30333333333
2408.0,137410.31
2409.0,131222.41666666666
2410.0,163935.08
2411.0,122455.97
2412.0,157386.86333333334
2413.0,139799.0
2414.0,135144.5
2415.0,128389.38
2416.0,128349.23666666666
2417.0,130029.35
2418.0,124185.58
2419.0,131668.33333333334
2420.0,126069.37
2421.0,149055.93333333332
2422.0,120853.79
2423.0,130599.16
2424.0,152154.41
2425.0,162894.67
2426.0,123860.45
2427.0,138947.92
2428.0,174209.94333333333
2429.0,114728.14
2430.0,129854.44333333333
2431.0,117699.3
2432.0,136047.27333333335
2433.0,143362.91666666666
2434.0,143557.83333333334
2435.0,151862.63
2436.0,107185.44
2437.0,110988.98333333334
2438.0,122233.68333333333
2439.0,114733.71
2440.0,123571.97333333333
2441.0,107302.78
2442.0,103204.18666666666
2443.0,113930.33666666667
2444.0,126456.33333333333
2445.0,91840.05
2446.0,135618.97333333333
2447.0,222403.15666666668
2448.0,143803.47666666665
2449.0,115610.29666666666
2450.0,154272.83333333334
2451.0,125159.87333333334
2452.0,220447.15666666668
2453.0,98386.44
2454.0,128495.68666666666
2455.0,105243.50666666667
2456.0,139710.78666666665
2457.0,118498.22666666667
2458.0,111133.68
2459.0,112481.83666666667
2460.0,140324.41
2461.0,118655.47333333333
2462.0,138486.15
2463.0,118328.45
2464.0,154766.60666666666
2465.0,130779.24
2466.0,119035.84666666666
2467.0,155343.53666666665
2468.0,95866.23666666666
2469.0,94444.59666666666
2470.0,181677.03
2471.0,204967.24666666667
2472.0,173068.21
2473.0,119227.66
2474.0,104758.09666666666
2475.0,226142.76333333334
2476.0,109699.73333333334
2477.0,132174.61
2478.0,161428.37666666668
2479.0,114529.52666666667
2480.0,134880.24666666667
2481.0,122766.09333333334
2482.0,134638.22
2483.0,118321.16
2484.0,121984.9
2485.0,124439.13666666667
2486.0,152221.63666666666
2487.0,179454.70666666667
2488.0,153082.55666666667
2489.0,146017.26
2490.0,150612.58
2491.0,91023.84333333334
2492.0,180017.50333333333
2493.0,135180.56333333332
2494.0,163873.18666666668
2495.0,99249.28
2496.0,213874.47666666665
2497.0,147426.85
2498.0,119131.19666666667
2499.0,92451.49
2500.0,129024.45333333334
2501.0,133857.14333333334
2502.0,146316.45666666667
2503.0,100704.83333333333
2504.0,183243.98333333334
2505.0,217720.07666666666
2506.0,255431.96666666667
2507.0,315345.0366666667
2508.0,254099.36
2509.0,222015.34666666668
2510.0,230983.53333333333
2511.0,188064.13666666666
2512.0,216213.51333333334
2513.0,214321.29333333333
2514.0,238506.60666666666
2515.0,147891.34
2516.0,155187.39333333334
2517.0,134498.16666666666
2518.0,141081.75666666665
2519.0,229362.53666666665
2520.0,207085.66666666666
2521.0,193511.77666666667
2522.0,220905.36
2523.0,132900.33333333334
2524.0,140172.11
2525.0,143595.36666666667
2526.0,137965.67
2527.0,115668.25333333333
2528.0,127102.38666666667
2529.0,134126.83333333334
2530.0,111174.99666666667
2531.0,239916.48333333334
2532.0,228487.11333333334
2533.0,198576.54666666666
2534.0,244673.02666666667
2535.0,303400.7866666667
2536.0,230206.94333333333
2537.0,234049.58
2538.0,187083.81333333332
2539.0,188319.25333333333
2540.0,178148.35
2541.0,179868.48666666666
2542.0,166065.57
2543.0,131647.23333333334
2544.0,133087.45
2545.0,128657.65333333334
2546.0,145564.42666666667
2547.0,139992.99
2548.0,160385.49333333335
2549.0,163352.53
2550.0,410009.38333333336
2551.0,144411.61
2552.0,120724.94
2553.0,86118.45333333334
2554.0,119460.03
2555.0,108933.05333333333
2556.0,103672.62333333334
2557.0,118187.58666666667
2558.0,160111.69333333333
2559.0,139336.58333333334
2560.0,129088.94
2561.0,142697.51333333334
2562.0,138918.33666666667
2563.0,149673.86333333334
2564.0,169371.99
2565.0,124003.68333333333
2566.0,154402.46
2567.0,133107.31333333332
2568.0,180551.29333333333
2569.0,188303.28333333333
2570.0,122675.37333333334
2571.0,163814.62
2572.0,187981.59
2573.0,241361.49666666667
2574.0,301269.32666666666
2575.0,126548.41666666667
2576.0,132093.32666666666
2577.0,161990.18666666668
2578.0,99340.99
2579.0,83643.73
2580.0,133496.27
2581.0,131385.05333333334
2582.0,118011.63
2583.0,282653.0466666667
2584.0,160381.60333333333
2585.0,176458.79333333333
2586.0,207334.44666666666
2587.0,207540.09333333332
2588.0,151424.84
2589.0,144889.43333333332
2590.0,224452.54333333333
2591.0,207767.22666666665
2592.0,228589.86333333334
2593.0,254954.18666666668
2594.0,174544.96
2595.0,209794.47666666665
2596.0,328482.7633333333
2597.0,176649.74
2598.0,269040.0266666667
2599.0,316821.79
2600.0,156854.26
2601.0,133954.99333333335
2602.0,86384.16666666667
2603.0,94305.10666666667
2604.0,86515.0
2605.0,82972.20333333334
2606.0,143165.93333333332
2607.0,173914.87666666668
2608.0,201556.11333333334
2609.0,167139.24333333335
2610.0,115554.11
2611.0,154158.67333333334
2612.0,150470.19666666666
2613.0,127805.66666666667
2614.0,125769.82333333333
2615.0,150871.83333333334
2616.0,137319.0
2617.0,171733.66
2618.0,181323.23666666666
2619.0,223734.46
2620.0,185163.33333333334
2621.0,183116.07333333333
2622.0,187889.12333333332
2623.0,252738.55
2624.0,268779.7366666667
2625.0,314023.9166666667
2626.0,164805.47333333333
2627.0,185673.67
2628.0,416992.7833333333
2629.0,536353.42
2630.0,356691.68
2631.0,458157.62666666665
2632.0,408596.62
2633.0,310730.42333333334
2634.0,378825.99
2635.0,148431.54333333333
2636.0,198926.21666666667
2637.0,168571.15
2638.0,254054.56333333332
2639.0,181398.29666666666
2640.0,148962.66666666666
2641.0,107793.37666666666
2642.0,190677.71333333335
2643.0,108264.51333333334
2644.0,129169.65333333334
2645.0,97350.83333333333
2646.0,93030.33333333333
2647.0,99395.66666666667
2648.0,137797.95666666667
2649.0,140522.13
2650.0,148599.33666666667
2651.0,155303.66333333333
2652.0,450159.05333333334
2653.0,252577.21666666667
2654.0,244202.81666666668
2655.0,353980.2
2656.0,326092.82
2657.0,344923.22
2658.0,280525.42333333334
2659.0,300989.25333333336
2660.0,321462.8433333333
2661.0,325128.5733333333
2662.0,338877.92
2663.0,278475.07666666666
2664.0,282760.7366666667
2665.0,313640.9633333333
2666.0,290619.54333333333
2667.0,170052.19333333333
2668.0,179194.73333333334
2669.0,179017.47333333333
2670.0,283889.62666666665
2671.0,180973.99666666667
2672.0,182090.45333333334
2673.0,202871.61
2674.0,200225.17666666667
2675.0,172880.15333333332
2676.0,187081.40666666668
2677.0,198057.29333333333
2678.0,260469.90666666668
2679.0,284378.31
2680.0,269717.74
2681.0,414078.27
2682.0,327570.63666666666
2683.0,521734.63
2684.0,306899.68333333335
2685.0,346015.22
2686.0,264454.44666666666
2687.0,327768.6666666667
2688.0,234424.72
2689.0,216048.82333333333
2690.0,462115.92333333334
2691.0,189133.15666666668
2692.0,138082.42666666667
2693.0,191494.36666666667
2694.0,134371.74666666667
2695.0,190833.2
2696.0,187574.71666666667
2697.0,190214.84666666668
2698.0,198393.21666666667
2699.0,179325.37666666668
2700.0,168218.44333333333
2701.0,149091.46666666667
2702.0,114849.61666666667
2703.0,145758.85666666666
2704.0,139381.96333333335
2705.0,128426.77666666667
2706.0,119970.55333333333
2707.0,123082.65333333334
2708.0,133408.08333333334
2709.0,113145.5
2710.0,126301.44
2711.0,277475.9533333333
2712.0,369024.67333333334
2713.0,177685.58666666667
2714.0,150293.43333333332
2715.0,171603.86333333334
2716.0,168412.35
2717.0,183220.58
2718.0,230930.88
2719.0,155395.91666666666
2720.0,164327.08
2721.0,140581.5
2722.0,170969.06
2723.0,146055.44666666666
2724.0,129879.71666666666
2725.0,134732.03
2726.0,143531.16666666666
2727.0,166141.54666666666
2728.0,168799.21333333335
2729.0,154851.88333333333
2730.0,145022.43333333332
2731.0,120446.41333333333
2732.0,119341.96666666666
2733.0,158150.75666666665
2734.0,145897.17666666667
2735.0,134670.58333333334
2736.0,141773.76666666666
2737.0,123063.72
2738.0,131746.68
2739.0,157615.67333333334
2740.0,134937.5
2741.0,147060.86333333334
2742.0,152273.35
2743.0,151069.85666666666
2744.0,146402.38333333333
2745.0,135910.25
2746.0,133630.91666666666
2747.0,155674.79
2748.0,122759.11
2749.0,129886.97666666667
2750.0,133064.63666666666
2751.0,130759.22
2752.0,232387.18333333332
2753.0,154060.58333333334
2754.0,198368.87333333332
2755.0,127385.5
2756.0,98537.70333333334
2757.0,73212.53666666667
2758.0,90490.06666666667
2759.0,156566.95
2760.0,140541.90333333332
2761.0,145840.19666666666
2762.0,146613.54666666666
2763.0,190881.82666666666
2764.0,169035.04333333333
2765.0,262525.22
2766.0,143066.38666666666
2767.0,93296.33333333333
2768.0,127040.73333333334
2769.0,127328.47
2770.0,157853.45
2771.0,120070.58
2772.0,123608.0
2773.0,145742.55
2774.0,139802.20333333334
2775.0,137882.73
2776.0,148461.18666666668
2777.0,148131.0
2778.0,126258.86
2779.0,126768.49
2780.0,109404.70333333334
2781.0,105769.16666666667
2782.0,100890.50666666667
2783.0,107618.29
2784.0,130172.36666666667
2785.0,138756.01666666666
2786.0,83529.38666666667
2787.0,118086.41333333333
2788.0,89829.61
2789.0,215861.94333333333
2790.0,94551.14
2791.0,118438.81333333334
2792.0,84030.03666666667
2793.0,164821.18333333332
2794.0,107844.92333333334
2795.0,117290.99666666667
2796.0,104680.66
2797.0,186538.14333333334
2798.0,128452.99666666667
2799.0,117937.65333333334
2800.0,77433.29
2801.0,112324.61
2802.0,140210.75666666665
2803.0,151470.54333333333
2804.0,147415.02666666667
2805.0,95344.02666666667
2806.0,95654.89333333333
2807.0,154720.01333333334
2808.0,146433.32666666666
2809.0,133690.38666666666
2810.0,134470.47666666665
2811.0,158927.38666666666
2812.0,145089.1
2813.0,159145.29666666666
2814.0,162839.17333333334
2815.0,99701.74
2816.0,246044.58
2817.0,132422.64333333334
2818.0,131861.05333333334
2819.0,179030.81666666668
2820.0,131432.71666666667
2821.0,103960.48
2822.0,186079.58
2823.0,229629.12666666668
2824.0,177779.15333333332
2825.0,155368.35333333333
2826.0,131963.55
2827.0,143751.16666666666
2828.0,207491.63666666666
2829.0,172070.11
2830.0,232719.74333333335
2831.0,191064.43333333332
2832.0,220862.91
2833.0,287929.92333333334
2834.0,216574.27666666667
2835.0,221092.20666666667
2836.0,191549.73
2837.0,168535.91666666666
2838.0,142769.10666666666
2839.0,180848.50666666665
2840.0,193732.45
2841.0,203002.35
2842.0,223253.19333333333
2843.0,147460.23333333334
2844.0,154324.28
2845.0,124691.0
2846.0,214150.97666666665
2847.0,199055.88333333333
2848.0,218858.81333333332
2849.0,210471.98333333334
2850.0,280018.2833333333
2851.0,239684.91333333333
2852.0,228087.62666666668
2853.0,236321.7
2854.0,139965.86666666667
2855.0,198284.49
2856.0,209878.89
2857.0,188180.73666666666
2858.0,197573.76333333334
2859.0,141275.7
2860.0,126829.95
2861.0,125529.95
2862.0,191499.56666666668
2863.0,122693.19
2864.0,259156.46
2865.0,141627.02666666667
2866.0,136037.23333333334
2867.0,96337.24333333333
2868.0,112850.43666666666
2869.0,122386.0
2870.0,157519.29666666666
2871.0,107615.87333333334
2872.0,64749.49333333333
2873.0,105352.69666666667
2874.0,141462.29666666666
2875.0,114051.88666666667
2876.0,161143.59666666668
2877.0,145775.19
2878.0,165252.6
2879.0,149059.95333333334
2880.0,107851.26666666666
2881.0,152315.46666666667
2882.0,164432.3
2883.0,168119.15666666668
2884.0,181515.65666666668
2885.0,182251.35333333333
2886.0,198717.74666666667
2887.0,100702.02333333333
2888.0,126894.6
2889.0,64753.03333333333
2890.0,88370.99666666667
2891.0,135255.18333333332
2892.0,61613.433333333334
2893.0,110370.64666666667
2894.0,65100.05333333334
2895.0,318948.99666666664
2896.0,286060.01666666666
2897.0,200569.09666666668
2898.0,147537.49333333335
2899.0,233033.05666666667
2900.0,156956.31333333332
2901.0,190155.21333333335
2902.0,184766.01
2903.0,342386.6666666667
2904.0,355291.29
2905.0,113687.88
2906.0,200256.76
2907.0,118979.72
2908.0,128648.0
2909.0,142374.57333333333
2910.0,83967.0
2911.0,86471.16666666667
2912.0,153243.16
2913.0,89354.64666666667
2914.0,84340.83333333333
2915.0,84558.40333333334
2916.0,85898.27333333333
2917.0,150515.90333333332
2918.0,113241.0
2919.0,227057.59333333332
